-- phpMyAdmin SQL Dump
-- version 4.4.13.1deb1
-- http://www.phpmyadmin.net
--
-- Хост: localhost
-- Время создания: Ноя 18 2016 г., 14:23
-- Версия сервера: 5.6.31-0ubuntu0.15.10.1
-- Версия PHP: 5.6.11-1ubuntu3.4

SET SQL_MODE = "NO_AUTO_VALUE_ON_ZERO";
SET time_zone = "+00:00";


/*!40101 SET @OLD_CHARACTER_SET_CLIENT=@@CHARACTER_SET_CLIENT */;
/*!40101 SET @OLD_CHARACTER_SET_RESULTS=@@CHARACTER_SET_RESULTS */;
/*!40101 SET @OLD_COLLATION_CONNECTION=@@COLLATION_CONNECTION */;
/*!40101 SET NAMES utf8mb4 */;

--
-- База данных: `afl`
--

-- --------------------------------------------------------

--
-- Структура таблицы `banner`
--

CREATE TABLE IF NOT EXISTS `banner` (
  `id` int(11) unsigned NOT NULL,
  `banner_group_id` int(11) unsigned DEFAULT '0',
  `geo_country_id` int(11) unsigned DEFAULT '0',
  `geo_region_id` int(11) unsigned DEFAULT '0',
  `geo_region_area_id` int(11) unsigned DEFAULT '0',
  `geo_locality_id` int(11) unsigned DEFAULT '0',
  `name` varchar(255) NOT NULL,
  `link` varchar(255) DEFAULT NULL,
  `type` set('image','text') NOT NULL DEFAULT 'image',
  `content` text,
  `image` varchar(255) DEFAULT NULL,
  `click_count` int(11) unsigned NOT NULL DEFAULT '0',
  `active` tinyint(1) unsigned NOT NULL DEFAULT '0',
  `position` int(11) unsigned DEFAULT '0'
) ENGINE=InnoDB AUTO_INCREMENT=5 DEFAULT CHARSET=utf8;

--
-- Дамп данных таблицы `banner`
--

INSERT INTO `banner` (`id`, `banner_group_id`, `geo_country_id`, `geo_region_id`, `geo_region_area_id`, `geo_locality_id`, `name`, `link`, `type`, `content`, `image`, `click_count`, `active`, `position`) VALUES
(1, 1, NULL, NULL, NULL, NULL, 'Баннер 1', 'http://yandex.ru', 'image', '', 'photo_c4ca4238a0b923820dcc509a6f75849b.jpg', 0, 1, 10),
(2, 1, NULL, NULL, NULL, NULL, 'Баннер 2', '', 'image', '<p>Идейные соображения высшего порядка, а также реализация намеченных плановых заданий требуют от нас анализа дальнейших направлений развития. Не следует, однако забывать, что постоянное информационно-пропагандистское обеспечение нашей деятельности в значительной степени обуславливает создание позиций, занимаемых участниками в отношении поставленных задач.</p>', 'photo_c81e728d9d4c2f636f067f89cc14862c.jpg', 0, 1, 20),
(3, 1, NULL, NULL, NULL, NULL, 'Баннер 3', '', 'image', '', 'photo_eccbc87e4b5ce2fe28308fd9f2a7baf3.jpg', 0, 1, 30),
(4, 1, NULL, NULL, NULL, NULL, 'test', '', 'image', '', 'photo_a87ff679a2f3e71d9181a67b7542122c.jpg', 0, 1, 10);

-- --------------------------------------------------------

--
-- Структура таблицы `banner_group`
--

CREATE TABLE IF NOT EXISTS `banner_group` (
  `id` int(11) unsigned NOT NULL,
  `name` varchar(255) NOT NULL,
  `active` tinyint(1) unsigned NOT NULL DEFAULT '0'
) ENGINE=InnoDB AUTO_INCREMENT=2 DEFAULT CHARSET=utf8;

--
-- Дамп данных таблицы `banner_group`
--

INSERT INTO `banner_group` (`id`, `name`, `active`) VALUES
(1, 'Баннер для главной', 0);

-- --------------------------------------------------------

--
-- Структура таблицы `comment`
--

CREATE TABLE IF NOT EXISTS `comment` (
  `id` int(11) unsigned NOT NULL,
  `belong` enum('','information') NOT NULL DEFAULT '',
  `belong_item_id` int(11) unsigned NOT NULL DEFAULT '0',
  `author_name` varchar(255) DEFAULT NULL,
  `author_photo` varchar(255) DEFAULT NULL,
  `author_post` varchar(255) DEFAULT NULL,
  `author_company` varchar(255) DEFAULT NULL,
  `author_locality` varchar(100) DEFAULT NULL,
  `content` text NOT NULL,
  `dt_creation` datetime DEFAULT '0000-00-00 00:00:00',
  `ip_creation` varchar(30) DEFAULT NULL,
  `creator_user_id` int(11) unsigned DEFAULT '0',
  `active` tinyint(1) NOT NULL DEFAULT '0',
  `position` int(11) unsigned NOT NULL DEFAULT '0'
) ENGINE=InnoDB AUTO_INCREMENT=2 DEFAULT CHARSET=utf8;

--
-- Дамп данных таблицы `comment`
--

INSERT INTO `comment` (`id`, `belong`, `belong_item_id`, `author_name`, `author_photo`, `author_post`, `author_company`, `author_locality`, `content`, `dt_creation`, `ip_creation`, `creator_user_id`, `active`, `position`) VALUES
(1, '', 0, 'Test', 'photo_author_c4ca4238a0b923820dcc509a6f75849b.jpg', 'dir', 'compa', 'town', '<p>sdf gsdf gsdf gsdf gsdf gsdf gwrty erty er tyert yert y</p>', '2016-08-16 17:51:02', '127.0.0.1', 1, 1, 10);

-- --------------------------------------------------------

--
-- Структура таблицы `constant`
--

CREATE TABLE IF NOT EXISTS `constant` (
  `id` int(11) unsigned NOT NULL,
  `tid` varchar(100) NOT NULL,
  `value` text,
  `name` varchar(100) NOT NULL,
  `description` varchar(255) DEFAULT NULL,
  `system` tinyint(1) unsigned NOT NULL DEFAULT '0'
) ENGINE=InnoDB AUTO_INCREMENT=17 DEFAULT CHARSET=utf8;

--
-- Дамп данных таблицы `constant`
--

INSERT INTO `constant` (`id`, `tid`, `value`, `name`, `description`, `system`) VALUES
(1, 'site_name', '', 'Название сайта', '', 1),
(2, 'site_slogan', 'Слоган', 'Слоган сайта', '', 1),
(3, 'site_phone', '(383) 222-22-22\r\n', 'Контактный телефон', '', 1),
(4, 'site_email', 'info@saytdarom.ru', 'Адрес электронной почты', '', 1),
(5, 'site_address', '', 'Адрес', '', 1),
(6, 'yandex_counter', '', 'Код счетчика Яндекс Метрика', '', 1),
(7, 'google_counter', '', 'Код счетчика Google Analytics', '', 1),
(8, 'yandex_counter_number', '', 'Номер счетчика Яндекс Метрика', '', 1),
(9, 'google_counter_number', '', 'Номер счетчика Google Analytics', '', 1),
(10, 'admin_email', 'volhv@vap-terra.ru', 'Эл. адрес для оповещения администратора', '', 1),
(11, 'admin_phone', '+79831288885', 'Мобильный номер телефона для оповещения администратора', '', 1),
(12, 'letter_signature', '<hr/>\r\nВаш менеджер +7 (xxx) xxx.xx.xx - xxxxxxxxx X.X\r\nСайт даром', 'Подпись к письмам с сервера', '', 0),
(13, 'no_reply_email', '', 'Адрес автогенератора писем', '', 0),
(14, 'api_key_smsru', '', 'Ключ для доступа к api smsru', '', 1),
(15, 'site_work_time', 'ежедневно с 10:00 до 19:00', 'Рабочее время', '', 1),
(16, 'site_phone_two', '8 800 333-33-33', 'Контактный телефон 2', '', 1);

-- --------------------------------------------------------

--
-- Структура таблицы `content`
--

CREATE TABLE IF NOT EXISTS `content` (
  `id` int(11) unsigned NOT NULL,
  `menu_item_id` int(11) unsigned DEFAULT NULL,
  `name` varchar(255) NOT NULL,
  `content` text
) ENGINE=InnoDB AUTO_INCREMENT=6 DEFAULT CHARSET=utf8;

--
-- Дамп данных таблицы `content`
--

INSERT INTO `content` (`id`, `menu_item_id`, `name`, `content`) VALUES
(1, 2, 'Главная', ''),
(2, 3, 'Новости', ''),
(3, 4, 'Статьи', ''),
(4, 5, 'Блог', ''),
(5, NULL, 'Каталог', '');

-- --------------------------------------------------------

--
-- Структура таблицы `form`
--

CREATE TABLE IF NOT EXISTS `form` (
  `id` int(11) unsigned NOT NULL,
  `tid` varchar(255) DEFAULT NULL,
  `name` varchar(255) NOT NULL,
  `header` varchar(255) DEFAULT NULL,
  `header_hide` tinyint(1) unsigned NOT NULL DEFAULT '0',
  `mark_hide` tinyint(3) unsigned NOT NULL DEFAULT '0',
  `button_title` varchar(150) NOT NULL,
  `description` text,
  `notify_user_email` tinyint(1) unsigned NOT NULL DEFAULT '0',
  `notify_admin_email` tinyint(1) unsigned NOT NULL DEFAULT '0',
  `notify_user_sms` tinyint(1) unsigned NOT NULL DEFAULT '0',
  `notify_admin_sms` tinyint(1) unsigned NOT NULL DEFAULT '0',
  `action` varchar(255) DEFAULT NULL,
  `css_class` varchar(255) DEFAULT NULL,
  `css_icon` varchar(100) DEFAULT NULL,
  `email` varchar(255) DEFAULT NULL,
  `phone` varchar(255) DEFAULT NULL,
  `subject_admin` varchar(205) DEFAULT NULL,
  `template_admin` varchar(255) DEFAULT NULL,
  `subject_user` varchar(255) DEFAULT NULL,
  `template_user` varchar(255) DEFAULT NULL,
  `sms_admin_text` varchar(255) DEFAULT NULL,
  `sms_user_text` varchar(255) DEFAULT NULL,
  `field_phone` varchar(255) DEFAULT NULL,
  `field_email` varchar(255) DEFAULT NULL,
  `transliteration_sms` tinyint(1) unsigned NOT NULL DEFAULT '0',
  `use_yandex_target_success` tinyint(1) unsigned NOT NULL DEFAULT '0',
  `use_yandex_target_button` tinyint(1) unsigned NOT NULL DEFAULT '0',
  `use_google_target_success` tinyint(1) unsigned NOT NULL DEFAULT '0',
  `use_google_target_button` tinyint(1) unsigned NOT NULL DEFAULT '0',
  `target_separately` tinyint(1) unsigned NOT NULL DEFAULT '1',
  `prefix_target_success` varchar(100) DEFAULT 'success',
  `prefix_target_button` varchar(100) DEFAULT 'button',
  `active` tinyint(1) unsigned NOT NULL DEFAULT '0',
  `collect_data` tinyint(1) unsigned NOT NULL DEFAULT '0',
  `position` int(11) unsigned NOT NULL DEFAULT '0'
) ENGINE=InnoDB AUTO_INCREMENT=4 DEFAULT CHARSET=utf8;

--
-- Дамп данных таблицы `form`
--

INSERT INTO `form` (`id`, `tid`, `name`, `header`, `header_hide`, `mark_hide`, `button_title`, `description`, `notify_user_email`, `notify_admin_email`, `notify_user_sms`, `notify_admin_sms`, `action`, `css_class`, `css_icon`, `email`, `phone`, `subject_admin`, `template_admin`, `subject_user`, `template_user`, `sms_admin_text`, `sms_user_text`, `field_phone`, `field_email`, `transliteration_sms`, `use_yandex_target_success`, `use_yandex_target_button`, `use_google_target_success`, `use_google_target_button`, `target_separately`, `prefix_target_success`, `prefix_target_button`, `active`, `collect_data`, `position`) VALUES
(1, 'call-back', 'Обратный звонок', NULL, 0, 0, 'Перезвонить', '<p>Заказать обратный звонок</p>', 0, 1, 1, 0, '', '', 'fa fa-phone', 'volhv@vap-terra.ru', '+79831288885', '{datetime}: {name} просит перезвонить на {phone}. С сайта {domain}', 'form-completed-admin', '{datetime}: заказали обратный звонок с сайта {domain}', 'form-completed-user', '{datetime}: {name} просит перезвонить на {phone}', 'Спасибо. Вам перезвонят.', 'phone', '', 0, 0, 0, 0, 0, 1, 'success', 'button', 1, 1, 10),
(2, 'feed-back', 'Обратная связь', NULL, 0, 0, 'Отправить', '<p>Написать сообщение администратору</p>', 0, 1, 0, 0, '', '', 'fa fa-envelope', '', '', '', 'form-completed-admin', '', 'form-completed-user', '', '', '', '', 0, 0, 0, 0, 0, 1, 'success', 'button', 1, 1, 20),
(3, 'send-review', 'Оставить отзыв', NULL, 0, 0, 'Оставить отзыв', '', 0, 0, 0, 0, NULL, '', '', '', '', '', 'form-completed-admin', '', 'form-completed-user', '', '', '', '', 0, 0, 0, 0, 0, 0, '', '', 1, 0, 30);

-- --------------------------------------------------------

--
-- Структура таблицы `form_completed`
--

CREATE TABLE IF NOT EXISTS `form_completed` (
  `id` int(11) unsigned NOT NULL,
  `form_id` int(11) unsigned NOT NULL,
  `elements` text,
  `dt_creation` datetime NOT NULL DEFAULT '0000-00-00 00:00:00',
  `dt_view` datetime DEFAULT '0000-00-00 00:00:00',
  `processed` tinyint(1) unsigned NOT NULL DEFAULT '0',
  `dt_processed` datetime DEFAULT '0000-00-00 00:00:00',
  `ip` varchar(30) DEFAULT NULL,
  `notify_user_email` tinyint(1) unsigned NOT NULL DEFAULT '0',
  `notify_user_sms` tinyint(1) unsigned NOT NULL DEFAULT '0'
) ENGINE=InnoDB AUTO_INCREMENT=7 DEFAULT CHARSET=utf8;

--
-- Дамп данных таблицы `form_completed`
--

INSERT INTO `form_completed` (`id`, `form_id`, `elements`, `dt_creation`, `dt_view`, `processed`, `dt_processed`, `ip`, `notify_user_email`, `notify_user_sms`) VALUES
(1, 1, '{"name":"test","phone":"+79831288885"}', '2016-08-14 09:52:16', '0000-00-00 00:00:00', 0, '0000-00-00 00:00:00', '127.0.0.1', 0, 0),
(3, 2, '{"phone":"+73333333333","name":"Test Testov Testovich","email":"far_away@ngs.ru","comment":"test"}', '2016-08-14 18:09:21', '0000-00-00 00:00:00', 0, '0000-00-00 00:00:00', '127.0.0.1', 0, 0),
(6, 1, '{"name":"Test Testov Testovich","phone":"+73333333333"}', '2016-08-14 18:17:47', '0000-00-00 00:00:00', 0, '0000-00-00 00:00:00', '127.0.0.1', 0, 0);

-- --------------------------------------------------------

--
-- Структура таблицы `form_element`
--

CREATE TABLE IF NOT EXISTS `form_element` (
  `id` int(11) unsigned NOT NULL,
  `tid` varchar(255) NOT NULL,
  `form_id` int(11) unsigned NOT NULL,
  `required` tinyint(4) NOT NULL,
  `active` tinyint(4) NOT NULL,
  `type` enum('checkbox','list','input','textarea','date','datetime','url','email','phone','password','textedit','time','integer','file','image') NOT NULL DEFAULT 'input',
  `name` varchar(255) NOT NULL,
  `hint` varchar(255) DEFAULT NULL,
  `description` varchar(255) DEFAULT NULL,
  `params` text,
  `position` int(11) unsigned NOT NULL DEFAULT '0'
) ENGINE=InnoDB AUTO_INCREMENT=16 DEFAULT CHARSET=utf8;

--
-- Дамп данных таблицы `form_element`
--

INSERT INTO `form_element` (`id`, `tid`, `form_id`, `required`, `active`, `type`, `name`, `hint`, `description`, `params`, `position`) VALUES
(1, 'name', 1, 1, 1, 'input', 'Имя', 'Введите свое имя', '', '', 10),
(2, 'phone', 1, 1, 1, 'phone', 'Телефон', 'Введите номер телефона', '', '', 20),
(4, 'phone', 2, 1, 1, 'phone', 'Телефон', '', '', '', 10),
(5, 'name', 2, 1, 1, 'input', 'Имя', '', '', '', 20),
(8, 'email', 2, 1, 1, 'email', 'E-mail', '', '', '', 30),
(9, 'comment', 2, 1, 1, 'textarea', 'Текст обращения', '', '', '', 40),
(10, 'author_name', 3, 1, 1, 'input', 'Ваше имя', '', '', '', 10),
(11, 'comment', 3, 1, 1, 'textarea', 'Текст отзыва', '', '', '', 50),
(12, 'author_locality', 3, 0, 1, 'input', 'Ваш город', '', '', '', 30),
(13, 'author_photo', 3, 0, 0, 'file', 'Ваше фото', '', '', '', 40),
(14, 'author_company', 3, 0, 1, 'input', 'Ваша компания', '', '', '', 20),
(15, '-', 1, 0, 0, 'input', '-', '', '', '', 30);

-- --------------------------------------------------------

--
-- Структура таблицы `geo_country`
--

CREATE TABLE IF NOT EXISTS `geo_country` (
  `id` int(11) unsigned NOT NULL,
  `name` varchar(255) NOT NULL,
  `tid` varchar(2) NOT NULL,
  `tid2` varchar(3) DEFAULT NULL,
  `iso` varchar(4) DEFAULT NULL,
  `phone_code` varchar(1) NOT NULL
) ENGINE=InnoDB AUTO_INCREMENT=2 DEFAULT CHARSET=utf8;

--
-- Дамп данных таблицы `geo_country`
--

INSERT INTO `geo_country` (`id`, `name`, `tid`, `tid2`, `iso`, `phone_code`) VALUES
(1, 'Россия', 'ru', 'rus', '398', '7');

-- --------------------------------------------------------

--
-- Структура таблицы `geo_locality`
--

CREATE TABLE IF NOT EXISTS `geo_locality` (
  `id` int(11) unsigned NOT NULL,
  `geo_country_id` int(11) unsigned NOT NULL,
  `geo_region_id` int(11) unsigned DEFAULT NULL,
  `geo_region_area_id` int(11) unsigned DEFAULT NULL,
  `name` varchar(80) NOT NULL,
  `coordinates` varchar(100) DEFAULT NULL,
  `yandex_map_coordinates` varchar(100) DEFAULT NULL,
  `google_map_coordinates` varchar(100) DEFAULT NULL
) ENGINE=InnoDB AUTO_INCREMENT=1098 DEFAULT CHARSET=utf8;

--
-- Дамп данных таблицы `geo_locality`
--

INSERT INTO `geo_locality` (`id`, `geo_country_id`, `geo_region_id`, `geo_region_area_id`, `name`, `coordinates`, `yandex_map_coordinates`, `google_map_coordinates`) VALUES
(1, 1, 1, 1, 'Новосибирск', '82.950,54.966', '', NULL),
(2, 1, 1, 2, 'III Интернационал', '77.316,53.750', '', NULL),
(3, 1, 1, 2, 'Александро-Невский', '77.400,54.160', '', NULL),
(4, 1, 1, 2, 'Баган', '79.783,54.516', '', NULL),
(5, 1, 1, 2, 'Большие Луки', '78.200,54.330', '', NULL),
(6, 1, 1, 2, 'Владимировка', '83.983,54.950', '', NULL),
(7, 1, 1, 2, 'Водино', '77.533,54.160', '', NULL),
(8, 1, 1, 2, 'Вознесенка', '76.383,55.616', '', NULL),
(9, 1, 1, 2, 'Воскресенка', '76.166,56.433', '', NULL),
(10, 1, 1, 2, 'Гнедухино', '77.716,54.166', '', NULL),
(11, 1, 1, 2, 'Грушевка', '77.183,53.916', '', NULL),
(12, 1, 1, 2, 'Зеленый Луг', '78.660,54.330', '', NULL),
(13, 1, 1, 2, 'Ивановка', '76.333,55.250', '', NULL),
(14, 1, 1, 2, 'Кавказское', '77.983,53.950', '', NULL),
(15, 1, 1, 2, 'Казанка', '81.666,54.783', '', NULL),
(16, 1, 1, 2, 'Караси', '77.666,54.660', '', NULL),
(17, 1, 1, 2, 'Красный Остров', '78.316,54.100', '', NULL),
(18, 1, 1, 2, 'Кузнецовка', '83.600,55.450', '', NULL),
(19, 1, 1, 2, 'Курский', '77.333,53.800', '', NULL),
(20, 1, 1, 2, 'Ленинское', '82.866,54.816', '', NULL),
(21, 1, 1, 2, 'Лепокурово', '78.216,54.233', '', NULL),
(22, 1, 1, 2, 'Мироновка', '76.133,54.516', '', NULL),
(23, 1, 1, 2, 'Осинники', '78.160,54.200', '', NULL),
(24, 1, 1, 2, 'Палецкое', '78.150,54.116', '', NULL),
(25, 1, 1, 2, 'Первомайский', '78.583,54.660', '', NULL),
(26, 1, 1, 2, 'Петрушино', '77.566,53.850', '', NULL),
(27, 1, 1, 2, 'Подольск', '77.233,53.966', '', NULL),
(28, 1, 1, 2, 'Районная', '77.433,53.783', '', NULL),
(29, 1, 1, 2, 'Савкино', '77.916,53.900', '', NULL),
(30, 1, 1, 2, 'Саратовка', '77.183,53.750', '', NULL),
(31, 1, 1, 2, 'Славянка', '77.350,54.133', '', NULL),
(32, 1, 1, 2, 'Соловьевка', '77.383,53.933', '', NULL),
(33, 1, 1, 2, 'Стретинка', '77.750,54.500', '', NULL),
(34, 1, 1, 2, 'Теренгуль', '77.166,53.833', '', NULL),
(35, 1, 1, 2, 'Троицкое', '76.716,54.950', '', NULL),
(36, 1, 1, 2, 'Тычкино', '77.600,56.200', '', NULL),
(37, 1, 1, 2, 'Чулаково', '77.433,53.733', '', NULL),
(38, 1, 1, 2, 'Ясная Поляна', '83.850,54.266', '', NULL),
(39, 1, 1, 3, 'Абакумово', '78.650,55.183', '', NULL),
(40, 1, 1, 3, 'Арисово', '78.633,55.266', '', NULL),
(41, 1, 1, 3, 'Бадажки', '78.133,55.183', '', NULL),
(42, 1, 1, 3, 'Бакмасиха', '78.850,55.150', '', NULL),
(43, 1, 1, 3, 'Банникова', '77.666,54.733', '', NULL),
(44, 1, 1, 3, 'Барабинск', '78.350,55.350', '', NULL),
(45, 1, 1, 3, 'Белово', '83.633,54.533', '', NULL),
(46, 1, 1, 3, 'Бехтень', '77.816,54.850', '', NULL),
(47, 1, 1, 3, 'Богатиха', '77.833,54.716', '', NULL),
(48, 1, 1, 3, 'Дунаевка', '78.233,55.216', '', NULL),
(49, 1, 1, 3, 'Зюзя', '77.866,55.830', '', NULL),
(50, 1, 1, 3, 'Казанцево', '77.683,55.660', '', NULL),
(51, 1, 1, 3, 'Кармакла', '78.416,54.950', '', NULL),
(52, 1, 1, 3, 'Кармышак', '78.516,55.166', '', NULL),
(53, 1, 1, 3, 'Квашино', '77.850,55.000', '', NULL),
(54, 1, 1, 3, 'Кожевниково', '78.266,55.000', '', NULL),
(55, 1, 1, 3, 'Красный Пахарь', '78.830,55.266', '', NULL),
(56, 1, 1, 3, 'Круглоозерка', '78.160,55.216', '', NULL),
(57, 1, 1, 3, 'Маук', '78.750,55.660', '', NULL),
(58, 1, 1, 3, 'Новогутово', '78.466,55.300', '', NULL),
(59, 1, 1, 3, 'Новокозловское', '78.550,55.266', '', NULL),
(60, 1, 1, 3, 'Новокрасулино', '77.583,55.166', '', NULL),
(61, 1, 1, 3, 'Новокурупкаевка', '78.333,55.100', '', NULL),
(62, 1, 1, 3, 'Новониколаевка', '76.150,56.600', '', NULL),
(63, 1, 1, 3, 'Новотандово', '77.950,55.830', '', NULL),
(64, 1, 1, 3, 'Новоульяновское', '78.533,55.400', '', NULL),
(65, 1, 1, 3, 'Новочановское', '78.166,54.950', '', NULL),
(66, 1, 1, 3, 'Новоярково', '78.100,54.916', '', NULL),
(67, 1, 1, 3, 'Пензино', '78.816,55.283', '', NULL),
(68, 1, 1, 3, 'Песчанка', '77.816,55.333', '', NULL),
(69, 1, 1, 3, 'Половинное', '79.250,53.766', '', NULL),
(70, 1, 1, 3, 'Сизево', '78.283,54.900', '', NULL),
(71, 1, 1, 3, 'Старощербаково', '78.450,55.366', '', NULL),
(72, 1, 1, 3, 'Староярково', '77.983,54.883', '', NULL),
(73, 1, 1, 3, 'Старый Карапуз', '78.916,55.660', '', NULL),
(74, 1, 1, 3, 'Таскаево', '83.233,54.500', '', NULL),
(75, 1, 1, 3, 'Тополевка', '78.500,54.800', '', NULL),
(76, 1, 1, 3, 'Труновское', '78.766,55.333', '', NULL),
(77, 1, 1, 3, 'Усть-Тандовка', '78.830,55.000', '', NULL),
(78, 1, 1, 3, 'Устьянцево', '77.950,55.283', '', NULL),
(79, 1, 1, 3, 'Чистоозерка', '78.160,54.783', '', NULL),
(80, 1, 1, 3, 'Шубинское', '78.216,55.316', '', NULL),
(81, 1, 1, 3, 'Юный Пионер', '78.216,55.150', '', NULL),
(82, 1, 1, 4, 'Алексеевка', '81.150,54.516', '', NULL),
(83, 1, 1, 4, 'Ача', '84.616,55.633', '', NULL),
(84, 1, 1, 4, 'Байкал', '83.883,55.633', '', NULL),
(85, 1, 1, 4, 'Болотное', '84.383,55.666', '', NULL),
(86, 1, 1, 4, 'Большая Речка', '84.533,55.566', '', NULL),
(87, 1, 1, 4, 'Большая Черная', '84.416,55.966', '', NULL),
(88, 1, 1, 4, 'Варламово', '84.350,55.800', '', NULL),
(89, 1, 1, 4, 'Зудово', '84.250,55.816', '', NULL),
(90, 1, 1, 4, 'Камень', '83.666,55.633', '', NULL),
(91, 1, 1, 4, 'Карасево', '82.983,54.166', '', NULL),
(92, 1, 1, 4, 'Козловка', '75.700,55.233', '', NULL),
(93, 1, 1, 4, 'Корнилово', '84.600,55.516', '', NULL),
(94, 1, 1, 4, 'Красное', '76.800,55.533', '', NULL),
(95, 1, 1, 4, 'Краснознаменка', '84.400,55.833', '', NULL),
(96, 1, 1, 4, 'Кривояш', '84.166,55.500', '', NULL),
(97, 1, 1, 4, 'Кругликово', '83.866,55.833', '', NULL),
(98, 1, 1, 4, 'Кунчурук', '84.300,55.916', '', NULL),
(99, 1, 1, 4, 'Кустово', '84.283,55.933', '', NULL),
(100, 1, 1, 4, 'Мануйлово', '84.400,55.583', '', NULL),
(101, 1, 1, 4, 'Новобибеево', '83.750,55.700', '', NULL),
(102, 1, 1, 4, 'Новогеоргиевка', '83.966,55.766', '', NULL),
(103, 1, 1, 4, 'Ояш', '83.883,55.466', '', NULL),
(104, 1, 1, 4, 'Сосновка', '82.950,55.233', '', NULL),
(105, 1, 1, 4, 'Старобибеево', '83.700,55.700', '', NULL),
(106, 1, 1, 4, 'Таганай', '84.660,55.566', '', NULL),
(107, 1, 1, 4, 'Турнаево', '84.516,55.766', '', NULL),
(108, 1, 1, 4, 'Усть-Тула', '83.783,55.783', '', NULL),
(109, 1, 1, 4, 'Чахлово', '84.216,55.600', '', NULL),
(110, 1, 1, 4, 'Ширяевка', '84.266,55.483', '', NULL),
(111, 1, 1, 4, 'Шумиха', '83.666,55.600', '', NULL),
(112, 1, 1, 4, 'Эстонка', '83.900,55.583', '', NULL),
(113, 1, 1, 5, 'Ахтырка', '76.400,55.700', '', NULL),
(114, 1, 1, 5, 'Блинково', '77.166,55.766', '', NULL),
(115, 1, 1, 5, 'Боровичи', '77.160,55.916', '', NULL),
(116, 1, 1, 5, 'Венгерово', '76.750,55.683', '', NULL),
(117, 1, 1, 5, 'Воробьево', '75.516,55.966', '', NULL),
(118, 1, 1, 5, 'Вороново', '83.783,55.483', '', NULL),
(119, 1, 1, 5, 'Георгиевка', '75.933,54.750', '', NULL),
(120, 1, 1, 5, 'Гордеевка', '77.416,55.800', '', NULL),
(121, 1, 1, 5, 'Григорьевка', '75.883,54.516', '', NULL),
(122, 1, 1, 5, 'Зыково', '76.933,55.666', '', NULL),
(123, 1, 1, 5, 'Ильинка', '79.183,55.500', '', NULL),
(124, 1, 1, 5, 'Ключевая', '76.833,55.716', '', NULL),
(125, 1, 1, 5, 'Красноярка', '76.950,55.750', '', NULL),
(126, 1, 1, 5, 'Кузнецово', '75.350,55.183', '', NULL),
(127, 1, 1, 5, 'Мариинка', '77.233,55.966', '', NULL),
(128, 1, 1, 5, 'Меньшиково', '76.683,55.933', '', NULL),
(129, 1, 1, 5, 'Минино', '76.216,55.216', '', NULL),
(130, 1, 1, 5, 'Новые Кулики', '77.183,56.150', '', NULL),
(131, 1, 1, 5, 'Новый Тартас', '76.700,55.666', '', NULL),
(132, 1, 1, 5, 'Ночка', '76.950,55.816', '', NULL),
(133, 1, 1, 5, 'Орлово', '76.900,55.783', '', NULL),
(134, 1, 1, 5, 'Павлово', '76.783,56.150', '', NULL),
(135, 1, 1, 5, 'Петрово', '76.466,56.500', '', NULL),
(136, 1, 1, 5, 'Петропавловка 1-я', '76.983,55.800', '', NULL),
(137, 1, 1, 5, 'Петропавловка 2-я', '76.550,55.966', '', NULL),
(138, 1, 1, 5, 'Селикла', '76.333,55.766', '', NULL),
(139, 1, 1, 5, 'Старый Тартас', '76.733,55.600', '', NULL),
(140, 1, 1, 5, 'Тимофеевка', '77.466,56.150', '', NULL),
(141, 1, 1, 5, 'Туруновка', '77.330,55.633', '', NULL),
(142, 1, 1, 5, 'Тюсмень', '76.400,55.833', '', NULL),
(143, 1, 1, 5, 'Улуцк', '77.350,56.183', '', NULL),
(144, 1, 1, 5, 'Урез', '77.133,55.916', '', NULL),
(145, 1, 1, 5, 'Усть-Изес', '76.933,55.916', '', NULL),
(146, 1, 1, 5, 'Усть-Ламенка', '77.283,55.683', '', NULL),
(147, 1, 1, 5, 'Филошенка', '77.366,56.250', '', NULL),
(148, 1, 1, 5, 'Чаргары', '76.683,55.783', '', NULL),
(149, 1, 1, 5, 'Чистое Озеро', '77.166,55.666', '', NULL),
(150, 1, 1, 5, 'Шипицыно', '77.300,56.660', '', NULL),
(151, 1, 1, 5, 'Яркуль-Малинино', '76.400,55.966', '', NULL),
(152, 1, 1, 5, 'Яча', '77.400,55.616', '', NULL),
(153, 1, 1, 6, 'Баклуши', '79.133,54.383', '', NULL),
(154, 1, 1, 6, 'Безногое', '80.500,54.400', '', NULL),
(155, 1, 1, 6, 'Беспятый', '79.716,54.183', '', NULL),
(156, 1, 1, 6, 'Брянский', '79.750,54.216', '', NULL),
(157, 1, 1, 6, 'Волчанка', '79.416,54.433', '', NULL),
(158, 1, 1, 6, 'Даниловская Ферма', '80.133,54.716', '', NULL),
(159, 1, 1, 6, 'Довольное', '79.666,54.500', '', NULL),
(160, 1, 1, 6, 'Дружный', '82.166,54.966', '', NULL),
(161, 1, 1, 6, 'Индерь', '79.983,54.533', '', NULL),
(162, 1, 1, 6, 'Каревский', '79.200,54.300', '', NULL),
(163, 1, 1, 6, 'Комарье', '80.233,54.416', '', NULL),
(164, 1, 1, 6, 'Комендантка', '79.633,54.600', '', NULL),
(165, 1, 1, 6, 'Красная Грива', '79.966,54.783', '', NULL),
(166, 1, 1, 6, 'Кротово', '82.466,53.550', '', NULL),
(167, 1, 1, 6, 'Новодоволенский', '79.683,54.583', '', NULL),
(168, 1, 1, 6, 'Плеханово', '79.450,54.366', '', NULL),
(169, 1, 1, 6, 'Покровка', '76.483,54.833', '', NULL),
(170, 1, 1, 6, 'Согорное', '79.950,54.283', '', NULL),
(171, 1, 1, 6, 'Солонцовый', '79.916,54.800', '', NULL),
(172, 1, 1, 6, 'Суздалка', '79.466,54.583', '', NULL),
(173, 1, 1, 6, 'Травное', '79.633,54.233', '', NULL),
(174, 1, 1, 6, 'Утянка', '79.766,54.716', '', NULL),
(175, 1, 1, 6, 'Хромовский', '79.550,54.800', '', NULL),
(176, 1, 1, 6, 'Шагалка', '79.500,54.300', '', NULL),
(177, 1, 1, 6, 'Ярки', '83.266,54.150', '', NULL),
(178, 1, 1, 7, 'Алексотово', '78.816,54.550', '', NULL),
(179, 1, 1, 7, 'Барлакуль', '78.666,54.300', '', NULL),
(180, 1, 1, 7, 'Бережки', '78.983,54.750', '', NULL),
(181, 1, 1, 7, 'Березовка', '82.660,54.600', '', NULL),
(182, 1, 1, 7, 'Верх-Каргат', '80.666,55.366', '', NULL),
(183, 1, 1, 7, 'Верх-Урюм', '78.583,54.500', '', NULL),
(184, 1, 1, 7, 'Горькое Озеро', '78.816,54.866', '', NULL),
(185, 1, 1, 7, 'Гривенский', '79.330,54.950', '', NULL),
(186, 1, 1, 7, 'Здвинск', '78.666,54.700', '', NULL),
(187, 1, 1, 7, 'Кировский', '78.916,54.800', '', NULL),
(188, 1, 1, 7, 'Красный Яр', '82.166,54.450', '', NULL),
(189, 1, 1, 7, 'Лянино', '78.533,54.366', '', NULL),
(190, 1, 1, 7, 'Маландино', '78.550,54.800', '', NULL),
(191, 1, 1, 7, 'Малышево', '82.660,53.750', '', NULL),
(192, 1, 1, 7, 'Мамон', '78.283,54.433', '', NULL),
(193, 1, 1, 7, 'Михайловка', '75.566,55.500', '', NULL),
(194, 1, 1, 7, 'Мишино', '78.416,54.700', '', NULL),
(195, 1, 1, 7, 'Немки', '78.316,54.316', '', NULL),
(196, 1, 1, 7, 'Нижний Урюм', '78.466,54.533', '', NULL),
(197, 1, 1, 7, 'Нижний Чулым', '78.933,54.616', '', NULL),
(198, 1, 1, 7, 'Новоалексеевка', '76.600,54.783', '', NULL),
(199, 1, 1, 7, 'Новогорносталево', '78.950,54.383', '', NULL),
(200, 1, 1, 7, 'Новомихайловка', '76.183,55.830', '', NULL),
(201, 1, 1, 7, 'Новороссийское', '78.283,54.350', '', NULL),
(202, 1, 1, 7, 'Новощербаки', '78.900,54.933', '', NULL),
(203, 1, 1, 7, 'Петраки', '78.383,54.750', '', NULL),
(204, 1, 1, 7, 'Петропавловский', '78.650,54.916', '', NULL),
(205, 1, 1, 7, 'Сарыбалык', '78.766,54.816', '', NULL),
(206, 1, 1, 7, 'Светлое', '78.716,54.200', '', NULL),
(207, 1, 1, 7, 'Старогорносталево', '79.233,54.666', '', NULL),
(208, 1, 1, 7, 'Хапово', '78.850,54.716', '', NULL),
(209, 1, 1, 7, 'Цветники', '78.766,54.700', '', NULL),
(210, 1, 1, 7, 'Чича', '78.583,54.733', '', NULL),
(211, 1, 1, 7, 'Чулым', '80.966,55.100', '', NULL),
(212, 1, 1, 7, 'Широкая Курья', '78.150,54.566', '', NULL),
(213, 1, 1, 7, 'Щелчиха', '78.400,54.666', '', NULL),
(214, 1, 1, 8, 'Александровский', '80.866,54.566', '', NULL),
(215, 1, 1, 8, 'Алексеевский', '82.750,54.300', '', NULL),
(216, 1, 1, 8, 'Барабка', '83.433,54.650', '', NULL),
(217, 1, 1, 8, 'Бердь', '83.200,54.750', '', NULL),
(218, 1, 1, 8, 'Бородавкино', '82.900,54.483', '', NULL),
(219, 1, 1, 8, 'Бурмистрово', '82.850,54.633', '', NULL),
(220, 1, 1, 8, 'Быстровка', '82.583,54.533', '', NULL),
(221, 1, 1, 8, 'Верх-Коен', '83.516,54.866', '', NULL),
(222, 1, 1, 8, 'Гилево', '82.950,54.350', '', NULL),
(223, 1, 1, 8, 'Горевка', '84.516,55.116', '', NULL),
(224, 1, 1, 8, 'Гусельниково', '83.683,54.516', '', NULL),
(225, 1, 1, 8, 'Девкино', '83.700,54.616', '', NULL),
(226, 1, 1, 8, 'Дзержинский', '83.483,54.916', '', NULL),
(227, 1, 1, 8, 'Евсино', '83.350,54.516', '', NULL),
(228, 1, 1, 8, 'Елбаши', '83.600,54.733', '', NULL),
(229, 1, 1, 8, 'Искитим', '83.300,54.633', '', NULL),
(230, 1, 1, 8, 'Калиновка', '76.733,55.183', '', NULL),
(231, 1, 1, 8, 'Каменка', '79.683,55.150', '', NULL),
(232, 1, 1, 8, 'Керамкомбинат', '83.350,54.433', '', NULL),
(233, 1, 1, 8, 'Китерня', '83.700,54.833', '', NULL),
(234, 1, 1, 8, 'Лебедевка', '83.250,54.666', '', NULL),
(235, 1, 1, 8, 'Легостаево', '83.816,54.633', '', NULL),
(236, 1, 1, 8, 'Линево', '83.366,54.483', '', NULL),
(237, 1, 1, 8, 'Листвянский', '83.500,54.450', '', NULL),
(238, 1, 1, 8, 'Малиновка', '76.166,54.616', '', NULL),
(239, 1, 1, 8, 'Маяк', '80.416,54.433', '', NULL),
(240, 1, 1, 8, 'Морозово', '83.216,54.766', '', NULL),
(241, 1, 1, 8, 'Мосты', '83.866,54.766', '', NULL),
(242, 1, 1, 8, 'Нижний Коен', '83.400,54.816', '', NULL),
(243, 1, 1, 8, 'Новолокти', '82.916,54.383', '', NULL),
(244, 1, 1, 8, 'Новососедово', '83.983,54.633', '', NULL),
(245, 1, 1, 8, 'Октябрьский', '76.133,55.933', '', NULL),
(246, 1, 1, 8, 'Преображенка', '82.716,54.366', '', NULL),
(247, 1, 1, 8, 'Раздольный', '83.166,54.450', '', NULL),
(248, 1, 1, 8, 'Рощинский', '83.216,54.633', '', NULL),
(249, 1, 1, 8, 'Советский', '77.500,54.330', '', NULL),
(250, 1, 1, 8, 'Старососедово', '83.933,54.600', '', NULL),
(251, 1, 1, 8, 'Старый Искитим', '83.416,54.616', '', NULL),
(252, 1, 1, 8, 'Степной', '82.116,54.683', '', NULL),
(253, 1, 1, 8, 'Тальменка', '83.283,54.700', '', NULL),
(254, 1, 1, 8, 'Тула', '82.716,54.583', '', NULL),
(255, 1, 1, 8, 'Ургун', '83.433,54.500', '', NULL),
(256, 1, 1, 8, 'Усть-Чем', '83.733,54.666', '', NULL),
(257, 1, 1, 8, 'Факел Революции', '82.450,54.466', '', NULL),
(258, 1, 1, 8, 'Харино', '83.616,54.616', '', NULL),
(259, 1, 1, 8, 'Шибково', '83.300,54.483', '', NULL),
(260, 1, 1, 9, 'Анисимовка', '77.866,53.416', '', NULL),
(261, 1, 1, 9, 'Астродым', '77.766,53.650', '', NULL),
(262, 1, 1, 9, 'Белое', '78.466,53.933', '', NULL),
(263, 1, 1, 9, 'Благодатное', '78.660,53.850', '', NULL),
(264, 1, 1, 9, 'Богословка', '75.833,55.516', '', NULL),
(265, 1, 1, 9, 'Грамотино', '78.350,53.750', '', NULL),
(266, 1, 1, 9, 'Демидовка', '77.516,53.533', '', NULL),
(267, 1, 1, 9, 'Ирбизино', '78.466,54.330', '', NULL),
(268, 1, 1, 9, 'Кавкуй', '78.150,53.650', '', NULL),
(269, 1, 1, 9, 'Калачи', '77.883,53.583', '', NULL),
(270, 1, 1, 9, 'Карасарт', '78.266,53.616', '', NULL),
(271, 1, 1, 9, 'Карасук', '78.660,53.700', '', NULL),
(272, 1, 1, 9, 'Кукарка', '78.400,54.200', '', NULL),
(273, 1, 1, 9, 'Луганск', '77.616,53.616', '', NULL),
(274, 1, 1, 9, 'Миргород', '78.550,53.983', '', NULL),
(275, 1, 1, 9, 'Морозовка', '78.650,55.416', '', NULL),
(276, 1, 1, 9, 'Нестеровка', '78.533,53.766', '', NULL),
(277, 1, 1, 9, 'Нижнебаяновский', '78.233,53.850', '', NULL),
(278, 1, 1, 9, 'Новоивановка', '77.900,53.450', '', NULL),
(279, 1, 1, 9, 'Новокарасук', '77.400,53.600', '', NULL),
(280, 1, 1, 9, 'Озерное-Титово', '78.000,53.750', '', NULL),
(281, 1, 1, 9, 'Озерянка', '78.400,53.616', '', NULL),
(282, 1, 1, 9, 'Октябрьское', '77.816,53.516', '', NULL),
(283, 1, 1, 9, 'Осиновка', '84.666,55.316', '', NULL),
(284, 1, 1, 9, 'Павловка', '76.233,54.483', '', NULL),
(285, 1, 1, 9, 'Поповка', '77.650,53.733', '', NULL),
(286, 1, 1, 9, 'Пучинное', '77.600,53.766', '', NULL),
(287, 1, 1, 9, 'Рассказово', '77.933,53.666', '', NULL),
(288, 1, 1, 9, 'Рождественский', '80.000,54.160', '', NULL),
(289, 1, 1, 9, 'Свободный Труд', '78.566,53.666', '', NULL),
(290, 1, 1, 9, 'Сорочиха', '77.950,53.733', '', NULL),
(291, 1, 1, 9, 'Стеклянный', '78.283,53.750', '', NULL),
(292, 1, 1, 9, 'Студеное', '77.533,53.616', '', NULL),
(293, 1, 1, 9, 'Токаревка', '78.350,53.600', '', NULL),
(294, 1, 1, 9, 'Токпан', '77.766,53.500', '', NULL),
(295, 1, 1, 9, 'Хорошее', '78.500,53.583', '', NULL),
(296, 1, 1, 9, 'Чернокурья', '78.383,53.850', '', NULL),
(297, 1, 1, 9, 'Черноозерка', '77.933,53.833', '', NULL),
(298, 1, 1, 9, 'Шейнфельд', '77.450,53.683', '', NULL),
(299, 1, 1, 9, 'Шилово-Курья', '78.183,53.800', '', NULL),
(300, 1, 1, 10, 'Алабуга', '80.483,54.666', '', NULL),
(301, 1, 1, 10, 'Аткуль', '79.666,54.966', '', NULL),
(302, 1, 1, 10, 'Барановский', '80.183,54.933', '', NULL),
(303, 1, 1, 10, 'Безлюдный', '80.660,55.233', '', NULL),
(304, 1, 1, 10, 'Беркуты', '80.000,55.183', '', NULL),
(305, 1, 1, 10, 'Гавриловка', '76.516,56.650', '', NULL),
(306, 1, 1, 10, 'Голубовский', '80.416,54.983', '', NULL),
(307, 1, 1, 10, 'Груздевка', '80.160,55.250', '', NULL),
(308, 1, 1, 10, 'Ермолаевка', '79.916,55.316', '', NULL),
(309, 1, 1, 10, 'Иванкино', '79.933,54.883', '', NULL),
(310, 1, 1, 10, 'Капралово', '80.466,55.166', '', NULL),
(311, 1, 1, 10, 'Карган', '80.660,55.350', '', NULL),
(312, 1, 1, 10, 'Каргат', '80.283,55.166', '', NULL),
(313, 1, 1, 10, 'Кольцовка', '80.233,54.983', '', NULL),
(314, 1, 1, 10, 'Кубанский', '80.450,55.100', '', NULL),
(315, 1, 1, 10, 'Лебедевский', '80.150,55.233', '', NULL),
(316, 1, 1, 10, 'Мамонтовое', '80.350,54.666', '', NULL),
(317, 1, 1, 10, 'Маршанское', '79.866,55.330', '', NULL),
(318, 1, 1, 10, 'Медяковский', '80.500,55.533', '', NULL),
(319, 1, 1, 10, 'Москвинка', '80.266,54.733', '', NULL),
(320, 1, 1, 10, 'Москвинский', '80.316,54.700', '', NULL),
(321, 1, 1, 10, 'Мусы', '80.433,55.450', '', NULL),
(322, 1, 1, 10, 'Набережное', '80.183,55.166', '', NULL),
(323, 1, 1, 10, 'Натальинский', '80.850,55.316', '', NULL),
(324, 1, 1, 10, 'Озерки 6-е', '80.283,54.633', '', NULL),
(325, 1, 1, 10, 'Первотроицк', '80.383,55.830', '', NULL),
(326, 1, 1, 10, 'Петровский', '81.750,54.516', '', NULL),
(327, 1, 1, 10, 'Петроградский', '80.450,55.660', '', NULL),
(328, 1, 1, 10, 'Ровенский', '80.650,55.450', '', NULL),
(329, 1, 1, 10, 'Сапожковский', '80.433,54.533', '', NULL),
(330, 1, 1, 10, 'Старомихайловский', '80.000,55.100', '', NULL),
(331, 1, 1, 10, 'Третьяковский', '80.316,55.433', '', NULL),
(332, 1, 1, 10, 'Усть-Сумы', '80.266,54.850', '', NULL),
(333, 1, 1, 10, 'Филино', '79.950,55.283', '', NULL),
(334, 1, 1, 10, 'Форпост-Каргат', '80.450,55.283', '', NULL),
(335, 1, 1, 10, 'Чернявский', '80.266,55.330', '', NULL),
(336, 1, 1, 10, 'Шибаки', '80.350,55.316', '', NULL),
(337, 1, 1, 11, 'Амба', '82.783,55.433', '', NULL),
(338, 1, 1, 11, 'Батурино', '82.600,55.883', '', NULL),
(339, 1, 1, 11, 'Большая Черемшанка', '76.316,56.983', '', NULL),
(340, 1, 1, 11, 'Боярка', '82.750,55.616', '', NULL),
(341, 1, 1, 11, 'Вдовино', '82.100,56.500', '', NULL),
(342, 1, 1, 11, 'Верх-Тоя', '83.200,55.883', '', NULL),
(343, 1, 1, 11, 'Воробьи', '83.233,55.900', '', NULL),
(344, 1, 1, 11, 'Вьюны', '82.916,55.516', '', NULL),
(345, 1, 1, 11, 'Дальняя Поляна', '82.566,56.330', '', NULL),
(346, 1, 1, 11, 'Ершовка', '82.483,55.833', '', NULL),
(347, 1, 1, 11, 'Жирновка', '82.000,56.500', '', NULL),
(348, 1, 1, 11, 'Изовка', '83.250,55.783', '', NULL),
(349, 1, 1, 11, 'Кандаурово', '83.200,55.666', '', NULL),
(350, 1, 1, 11, 'Колывань', '82.750,55.300', '', NULL),
(351, 1, 1, 11, 'Коноваловка', '82.250,55.750', '', NULL),
(352, 1, 1, 11, 'Королевка', '83.330,56.330', '', NULL),
(353, 1, 1, 11, 'Крутоборка', '83.200,55.533', '', NULL),
(354, 1, 1, 11, 'Лаптевка', '82.300,55.783', '', NULL),
(355, 1, 1, 11, 'Малая Черемшанка', '83.160,55.600', '', NULL),
(356, 1, 1, 11, 'Малый Оеш', '82.650,55.266', '', NULL),
(357, 1, 1, 11, 'Мальчиха', '82.566,55.850', '', NULL),
(358, 1, 1, 11, 'Марчиха', '82.650,55.916', '', NULL),
(359, 1, 1, 11, 'Новоалександровка', '77.350,55.116', '', NULL),
(360, 1, 1, 11, 'Новоеловка', '82.650,55.933', '', NULL),
(361, 1, 1, 11, 'Новотроицк', '75.683,55.000', '', NULL),
(362, 1, 1, 11, 'Новотырышкино', '82.416,55.283', '', NULL),
(363, 1, 1, 11, 'Орловка', '76.666,54.483', '', NULL),
(364, 1, 1, 11, 'Орловский', '81.433,54.916', '', NULL),
(365, 1, 1, 11, 'Паутовский', '82.766,55.550', '', NULL),
(366, 1, 1, 11, 'Пихтовка', '82.700,56.000', '', NULL),
(367, 1, 1, 11, 'Пономаревка', '82.366,56.150', '', NULL),
(368, 1, 1, 11, 'Пристань-Почта', '82.983,55.450', '', NULL),
(369, 1, 1, 11, 'Середино', '83.830,55.800', '', NULL),
(370, 1, 1, 11, 'Сидоровка', '82.416,55.450', '', NULL),
(371, 1, 1, 11, 'Скала', '82.766,55.383', '', NULL),
(372, 1, 1, 11, 'Соколово', '82.566,55.200', '', NULL),
(373, 1, 1, 11, 'Сташково', '82.683,55.716', '', NULL),
(374, 1, 1, 11, 'Таловка', '82.950,55.583', '', NULL),
(375, 1, 1, 11, 'Тропино', '82.700,55.533', '', NULL),
(376, 1, 1, 11, 'Умна', '83.516,55.600', '', NULL),
(377, 1, 1, 11, 'Усть-Тоя', '83.100,56.830', '', NULL),
(378, 1, 1, 11, 'Хохловка', '82.266,56.116', '', NULL),
(379, 1, 1, 11, 'Чаус', '82.766,55.350', '', NULL),
(380, 1, 1, 11, 'Черный Мыс', '80.830,55.550', '', NULL),
(381, 1, 1, 11, 'Щукино', '83.383,55.666', '', NULL),
(382, 1, 1, 11, 'Южино', '82.516,55.483', '', NULL),
(383, 1, 1, 11, 'Юрт-Акбалык', '83.566,55.650', '', NULL),
(384, 1, 1, 12, 'Антоновка', '77.160,53.983', '', NULL),
(385, 1, 1, 12, 'Барабинка', '82.250,54.733', '', NULL),
(386, 1, 1, 12, 'Бармашево', '82.830,55.000', '', NULL),
(387, 1, 1, 12, 'Белобородово', '82.500,55.660', '', NULL),
(388, 1, 1, 12, 'Большая Поляна', '81.533,55.183', '', NULL),
(389, 1, 1, 12, 'Вахрушево', '82.166,55.250', '', NULL),
(390, 1, 1, 12, 'Владиславский', '81.783,55.250', '', NULL),
(391, 1, 1, 12, 'Дупленская', '81.633,55.830', '', NULL),
(392, 1, 1, 12, 'Епифановский', '81.866,55.283', '', NULL),
(393, 1, 1, 12, 'Ермиловка', '81.950,55.300', '', NULL),
(394, 1, 1, 12, 'Казаково', '82.300,54.950', '', NULL),
(395, 1, 1, 12, 'Козлово', '81.950,54.916', '', NULL),
(396, 1, 1, 12, 'Комихинский', '82.133,54.766', '', NULL),
(397, 1, 1, 12, 'Коченево', '82.183,55.330', '', NULL),
(398, 1, 1, 12, 'Кочки', '80.500,54.300', '', NULL),
(399, 1, 1, 12, 'Крутологово', '82.100,55.300', '', NULL),
(400, 1, 1, 12, 'Лесная Поляна', '81.950,55.500', '', NULL),
(401, 1, 1, 12, 'Лесной', '76.266,54.933', '', NULL),
(402, 1, 1, 12, 'Малореченка', '82.160,54.833', '', NULL),
(403, 1, 1, 12, 'Маслово', '81.850,54.866', '', NULL),
(404, 1, 1, 12, 'Мирный', '76.116,55.983', '', NULL),
(405, 1, 1, 12, 'Молот', '82.300,55.300', '', NULL),
(406, 1, 1, 12, 'Нижняя Ельцовка (админ. территория г. Новосибирска)', '83.100,54.900', '', NULL),
(407, 1, 1, 12, 'Новокремлевское', '82.316,55.200', '', NULL),
(408, 1, 1, 12, 'Новорощинский', '81.616,55.200', '', NULL),
(409, 1, 1, 12, 'Овчинниково', '81.683,55.200', '', NULL),
(410, 1, 1, 12, 'Ольшанский', '81.800,55.000', '', NULL),
(411, 1, 1, 12, 'Поваренка', '82.133,54.816', '', NULL),
(412, 1, 1, 12, 'Приозерная', '82.316,54.900', '', NULL),
(413, 1, 1, 12, 'Речник', '82.516,54.900', '', NULL),
(414, 1, 1, 12, 'Сартаково', '82.160,54.983', '', NULL),
(415, 1, 1, 12, 'Светлый', '82.283,55.160', '', NULL),
(416, 1, 1, 12, 'Севастьяновка', '81.566,55.830', '', NULL),
(417, 1, 1, 12, 'Семеновский', '83.330,54.250', '', NULL),
(418, 1, 1, 12, 'Студенкино', '81.850,55.166', '', NULL),
(419, 1, 1, 12, 'Троицк', '82.250,55.116', '', NULL),
(420, 1, 1, 12, 'Федосиха', '81.900,54.783', '', NULL),
(421, 1, 1, 12, 'Федосово', '82.150,54.866', '', NULL),
(422, 1, 1, 12, 'Целинное', '82.000,54.816', '', NULL),
(423, 1, 1, 12, 'Чистополье', '82.516,54.966', '', NULL),
(424, 1, 1, 12, 'Шагалово', '82.216,54.900', '', NULL),
(425, 1, 1, 13, 'Букреево Плесо', '79.950,54.133', '', NULL),
(426, 1, 1, 13, 'Быструха', '80.883,54.433', '', NULL),
(427, 1, 1, 13, 'Жуланка', '80.600,54.366', '', NULL),
(428, 1, 1, 13, 'Константиновский', '80.250,54.830', '', NULL),
(429, 1, 1, 13, 'Николаевский', '80.233,54.116', '', NULL),
(430, 1, 1, 13, 'Новоцелинное', '80.533,54.350', '', NULL),
(431, 1, 1, 13, 'Новые Решеты', '80.400,54.133', '', NULL),
(432, 1, 1, 13, 'Новый Вокзал', '80.650,54.516', '', NULL),
(433, 1, 1, 13, 'Республиканский', '80.800,54.266', '', NULL),
(434, 1, 1, 13, 'Решеты', '80.233,54.216', '', NULL),
(435, 1, 1, 13, 'Троицкий', '79.933,54.000', '', NULL),
(436, 1, 1, 13, 'Черновка', '76.450,56.766', '', NULL),
(437, 1, 1, 14, 'Аксениха', '78.950,53.716', '', NULL),
(438, 1, 1, 14, 'Веселовское', '78.716,53.983', '', NULL),
(439, 1, 1, 14, 'Ганино', '79.330,53.750', '', NULL),
(440, 1, 1, 14, 'Гербаево', '79.433,53.983', '', NULL),
(441, 1, 1, 14, 'Голубинский', '79.266,53.700', '', NULL),
(442, 1, 1, 14, 'Зеленая Роща', '79.650,53.900', '', NULL),
(443, 1, 1, 14, 'Зубково', '78.650,53.716', '', NULL),
(444, 1, 1, 14, 'Зуевский', '79.400,53.766', '', NULL),
(445, 1, 1, 14, 'Казанак', '79.166,54.183', '', NULL),
(446, 1, 1, 14, 'Колыбелька', '79.150,54.660', '', NULL),
(447, 1, 1, 14, 'Конево', '84.733,54.850', '', NULL),
(448, 1, 1, 14, 'Краснозерское', '79.233,53.983', '', NULL),
(449, 1, 1, 14, 'Курьинский', '79.850,53.950', '', NULL),
(450, 1, 1, 14, 'Ленинградский', '79.250,54.133', '', NULL),
(451, 1, 1, 14, 'Лобино', '79.330,53.866', '', NULL),
(452, 1, 1, 14, 'Локтенок', '79.330,53.950', '', NULL),
(453, 1, 1, 14, 'Луговой', '79.450,54.100', '', NULL),
(454, 1, 1, 14, 'Майское', '79.783,54.830', '', NULL),
(455, 1, 1, 14, 'Мохнатый Лог', '79.600,54.160', '', NULL),
(456, 1, 1, 14, 'Нижнечеремошное', '78.883,53.950', '', NULL),
(457, 1, 1, 14, 'Новый Баганенок', '78.750,53.933', '', NULL),
(458, 1, 1, 14, 'Орехов Лог', '79.383,53.833', '', NULL),
(459, 1, 1, 14, 'Осинниковский', '78.800,53.883', '', NULL),
(460, 1, 1, 14, 'Палкин Водопой', '79.116,53.816', '', NULL),
(461, 1, 1, 14, 'Петропавловка', '83.950,54.283', '', NULL),
(462, 1, 1, 14, 'Полойка', '79.333,54.200', '', NULL),
(463, 1, 1, 14, 'Рыбный', '78.933,54.333', '', NULL),
(464, 1, 1, 14, 'Рямской', '78.800,54.283', '', NULL),
(465, 1, 1, 14, 'Садовый', '76.733,54.500', '', NULL),
(466, 1, 1, 14, 'Ульяновка', '78.816,53.733', '', NULL),
(467, 1, 1, 14, 'Урожайный', '79.533,53.800', '', NULL),
(468, 1, 1, 14, 'Урюпино', '79.160,54.133', '', NULL),
(469, 1, 1, 14, 'Успенский', '78.750,53.650', '', NULL),
(470, 1, 1, 14, 'Хабаровский', '79.766,53.850', '', NULL),
(471, 1, 1, 14, 'Целинный', '79.833,54.183', '', NULL),
(472, 1, 1, 14, 'Чернаки', '79.816,54.830', '', NULL),
(473, 1, 1, 16, 'Абрамово', '78.216,55.433', '', NULL),
(474, 1, 1, 16, 'Аккуль', '78.600,55.633', '', NULL),
(475, 1, 1, 16, 'Анган', '78.450,55.633', '', NULL),
(476, 1, 1, 16, 'Андреевка', '79.150,55.716', '', NULL),
(477, 1, 1, 16, 'Аул-Бергуль', '78.350,55.600', '', NULL),
(478, 1, 1, 16, 'Балман', '79.450,55.800', '', NULL),
(479, 1, 1, 16, 'Безымянный', '78.133,55.366', '', NULL),
(480, 1, 1, 16, 'Бекташ', '77.816,55.800', '', NULL),
(481, 1, 1, 16, 'Буланово', '77.816,55.516', '', NULL),
(482, 1, 1, 16, 'Бурундуково', '78.583,55.483', '', NULL),
(483, 1, 1, 16, 'Ваганово', '78.383,55.866', '', NULL),
(484, 1, 1, 16, 'Верх-Ича', '78.160,55.716', '', NULL),
(485, 1, 1, 16, 'Веснянка', '78.116,55.533', '', NULL),
(486, 1, 1, 16, 'Гжатск', '78.183,55.716', '', NULL),
(487, 1, 1, 16, 'Горбуново', '84.366,54.633', '', NULL),
(488, 1, 1, 16, 'Дмитриевский', '78.850,55.400', '', NULL),
(489, 1, 1, 16, 'Ежула', '79.516,55.700', '', NULL),
(490, 1, 1, 16, 'Еланка', '75.266,55.616', '', NULL),
(491, 1, 1, 16, 'Ефремовка', '77.966,55.950', '', NULL),
(492, 1, 1, 16, 'Жарково', '78.766,55.750', '', NULL),
(493, 1, 1, 16, 'Журавлевка', '78.183,55.600', '', NULL),
(494, 1, 1, 16, 'Заливной Луг', '77.516,55.650', '', NULL),
(495, 1, 1, 16, 'Зоново', '79.333,55.733', '', NULL),
(496, 1, 1, 16, 'Ивушка', '78.216,55.533', '', NULL),
(497, 1, 1, 16, 'Казатово', '78.150,55.650', '', NULL),
(498, 1, 1, 16, 'Кайлы', '84.830,55.300', '', NULL),
(499, 1, 1, 16, 'Кама', '77.716,55.866', '', NULL),
(500, 1, 1, 16, 'Комсомольский', '78.350,55.533', '', NULL),
(501, 1, 1, 16, 'Кондусла', '78.933,55.450', '', NULL),
(502, 1, 1, 16, 'Константиновка', '75.866,54.933', '', NULL),
(503, 1, 1, 16, 'Красиково', '79.350,55.900', '', NULL),
(504, 1, 1, 16, 'Красновка', '80.666,55.200', '', NULL),
(505, 1, 1, 16, 'Куйбышев', '78.316,55.450', '', NULL),
(506, 1, 1, 16, 'Кульча', '79.116,55.533', '', NULL),
(507, 1, 1, 16, 'Малинино', '78.433,55.466', '', NULL),
(508, 1, 1, 16, 'Мангазерка', '78.160,55.500', '', NULL),
(509, 1, 1, 16, 'Марково', '78.330,55.383', '', NULL),
(510, 1, 1, 16, 'Медведкино', '77.650,55.600', '', NULL),
(511, 1, 1, 16, 'Михайловка 1-я', '77.900,55.700', '', NULL),
(512, 1, 1, 16, 'Нагорное', '78.266,55.416', '', NULL),
(513, 1, 1, 16, 'Николаевка', '76.666,55.333', '', NULL),
(514, 1, 1, 16, 'Новогребенщиково', '77.966,55.666', '', NULL),
(515, 1, 1, 16, 'Новоичинское', '77.633,55.666', '', NULL),
(516, 1, 1, 16, 'Новокаменево', '77.916,55.550', '', NULL),
(517, 1, 1, 16, 'Новокиевка', '78.666,55.583', '', NULL),
(518, 1, 1, 16, 'Озерный', '76.283,54.833', '', NULL),
(519, 1, 1, 16, 'Омь', '77.783,55.433', '', NULL),
(520, 1, 1, 16, 'Осиново', '78.850,55.466', '', NULL),
(521, 1, 1, 16, 'Осинцево', '77.233,55.500', '', NULL),
(522, 1, 1, 16, 'Отрадненское', '78.550,55.516', '', NULL),
(523, 1, 1, 16, 'Патрушево', '78.450,55.566', '', NULL),
(524, 1, 1, 16, 'Помельцево', '78.533,55.466', '', NULL),
(525, 1, 1, 16, 'Ракитники', '78.933,55.350', '', NULL),
(526, 1, 1, 16, 'Сергиевка', '79.216,55.733', '', NULL),
(527, 1, 1, 16, 'Сергино', '77.500,55.483', '', NULL),
(528, 1, 1, 16, 'Старогребенщиково', '78.100,55.433', '', NULL),
(529, 1, 1, 16, 'Степановка', '75.500,55.250', '', NULL),
(530, 1, 1, 16, 'Таганово', '77.700,55.683', '', NULL),
(531, 1, 1, 16, 'Ушково', '79.660,55.666', '', NULL),
(532, 1, 1, 16, 'Чумаково', '79.500,55.683', '', NULL),
(533, 1, 1, 16, 'Шагир', '77.683,55.800', '', NULL),
(534, 1, 1, 16, 'Ярково', '82.616,54.800', '', NULL),
(535, 1, 1, 17, 'Аполиха', '77.183,54.660', '', NULL),
(536, 1, 1, 17, 'Барбаши', '77.400,54.283', '', NULL),
(537, 1, 1, 17, 'Басково', '77.666,54.466', '', NULL),
(538, 1, 1, 17, 'Благовещенка', '76.950,53.933', '', NULL),
(539, 1, 1, 17, 'Васильевка', '76.433,55.333', '', NULL),
(540, 1, 1, 17, 'Веселый Кут', '77.216,54.183', '', NULL),
(541, 1, 1, 17, 'Вишневка', '76.850,53.983', '', NULL),
(542, 1, 1, 17, 'Вороновка', '77.750,54.350', '', NULL),
(543, 1, 1, 17, 'Горносталиха', '77.983,54.466', '', NULL),
(544, 1, 1, 17, 'Дружинино', '77.250,54.616', '', NULL),
(545, 1, 1, 17, 'Зятьковка', '77.333,54.266', '', NULL),
(546, 1, 1, 17, 'Камышино', '75.883,54.866', '', NULL),
(547, 1, 1, 17, 'Киевка', '76.660,55.250', '', NULL),
(548, 1, 1, 17, 'Киргинцево', '77.330,54.233', '', NULL),
(549, 1, 1, 17, 'Копкуль', '77.633,54.400', '', NULL),
(550, 1, 1, 17, 'Красный Хутор', '77.533,54.450', '', NULL),
(551, 1, 1, 17, 'Куликовка', '77.150,54.500', '', NULL),
(552, 1, 1, 17, 'Купино', '77.283,54.366', '', NULL),
(553, 1, 1, 17, 'Лукошино', '78.830,54.316', '', NULL),
(554, 1, 1, 17, 'Лягушье', '77.966,54.400', '', NULL),
(555, 1, 1, 17, 'Мальково', '77.450,54.583', '', NULL),
(556, 1, 1, 17, 'Медяково', '77.830,54.116', '', NULL),
(557, 1, 1, 17, 'Метелево', '76.733,54.100', '', NULL),
(558, 1, 1, 17, 'Митрофановка', '76.633,54.116', '', NULL),
(559, 1, 1, 17, 'Никитинка', '76.983,53.800', '', NULL),
(560, 1, 1, 17, 'Новоключи', '78.160,54.233', '', NULL),
(561, 1, 1, 17, 'Новорозино', '77.800,54.650', '', NULL),
(562, 1, 1, 17, 'Новоселье', '76.883,54.166', '', NULL),
(563, 1, 1, 17, 'Петровка', '77.450,56.600', '', NULL),
(564, 1, 1, 17, 'Питомник', '77.166,54.333', '', NULL),
(565, 1, 1, 17, 'Пресновка', '76.800,54.183', '', NULL),
(566, 1, 1, 17, 'Рождественка', '77.483,55.350', '', NULL),
(567, 1, 1, 17, 'Селиваново', '76.816,53.900', '', NULL),
(568, 1, 1, 17, 'Сибирский', '77.233,54.516', '', NULL),
(569, 1, 1, 17, 'Спасск', '77.330,54.830', '', NULL),
(570, 1, 1, 17, 'Стеклянное', '77.150,54.366', '', NULL),
(571, 1, 1, 17, 'Тюменка', '77.300,54.716', '', NULL),
(572, 1, 1, 17, 'Украинка', '83.830,54.266', '', NULL),
(573, 1, 1, 17, 'Успенка', '76.166,54.883', '', NULL),
(574, 1, 1, 17, 'Федоровка', '78.850,56.830', '', NULL),
(575, 1, 1, 17, 'Федосеевка', '77.330,54.166', '', NULL),
(576, 1, 1, 17, 'Чаинка', '77.350,54.516', '', NULL),
(577, 1, 1, 17, 'Чумашки', '77.800,54.466', '', NULL),
(578, 1, 1, 17, 'Шаитик', '77.600,54.650', '', NULL),
(579, 1, 1, 17, 'Яркуль', '75.666,55.983', '', NULL),
(580, 1, 1, 18, 'Аникино', '77.100,56.800', '', NULL),
(581, 1, 1, 18, 'Бакейка', '76.200,56.466', '', NULL),
(582, 1, 1, 18, 'Берестянка', '77.116,56.650', '', NULL),
(583, 1, 1, 18, 'Беспаловка', '76.933,56.783', '', NULL),
(584, 1, 1, 18, 'Большеречье', '76.233,56.566', '', NULL),
(585, 1, 1, 18, 'Бочкаревка', '76.866,56.933', '', NULL),
(586, 1, 1, 18, 'Вараксино', '76.516,56.516', '', NULL),
(587, 1, 1, 18, 'Верх-Майзас', '76.900,56.683', '', NULL),
(588, 1, 1, 18, 'Верх-Чекино', '76.516,56.683', '', NULL),
(589, 1, 1, 18, 'Вятка', '76.716,56.533', '', NULL),
(590, 1, 1, 18, 'Еремино', '76.400,56.616', '', NULL),
(591, 1, 1, 18, 'Заливино', '76.333,56.450', '', NULL),
(592, 1, 1, 18, 'Камышинка', '82.350,53.633', '', NULL),
(593, 1, 1, 18, 'Колбаса', '76.700,56.883', '', NULL),
(594, 1, 1, 18, 'Комаровка', '77.200,56.566', '', NULL),
(595, 1, 1, 18, 'Коровинка', '76.766,56.533', '', NULL),
(596, 1, 1, 18, 'Крутиха', '77.166,56.816', '', NULL),
(597, 1, 1, 18, 'Куляба', '77.200,56.516', '', NULL),
(598, 1, 1, 18, 'Кыштовка', '76.900,56.600', '', NULL),
(599, 1, 1, 18, 'Леонтьевка', '77.650,56.633', '', NULL),
(600, 1, 1, 18, 'Малая Скирла', '76.830,56.466', '', NULL),
(601, 1, 1, 18, 'Малокрасноярка', '76.160,56.466', '', NULL),
(602, 1, 1, 18, 'Межовка', '77.733,56.650', '', NULL),
(603, 1, 1, 18, 'Новоеланка', '77.133,56.850', '', NULL),
(604, 1, 1, 18, 'Новоложниково', '76.416,56.500', '', NULL),
(605, 1, 1, 18, 'Новопокровка', '77.660,54.633', '', NULL),
(606, 1, 1, 18, 'Новочекино', '76.433,56.516', '', NULL),
(607, 1, 1, 18, 'Новый Майзас', '76.950,56.566', '', NULL),
(608, 1, 1, 18, 'Оглухино', '76.683,56.850', '', NULL),
(609, 1, 1, 18, 'Отрадное', '76.300,56.600', '', NULL),
(610, 1, 1, 18, 'Понькино', '77.383,56.600', '', NULL),
(611, 1, 1, 18, 'Садовка', '76.416,56.466', '', NULL),
(612, 1, 1, 18, 'Сергеевка', '76.216,56.450', '', NULL),
(613, 1, 1, 18, 'Тынгиза', '76.716,56.916', '', NULL),
(614, 1, 1, 18, 'Усманка', '76.483,56.300', '', NULL),
(615, 1, 1, 18, 'Худышка', '76.733,56.633', '', NULL),
(616, 1, 1, 18, 'Чекиаул', '76.466,56.483', '', NULL),
(617, 1, 1, 18, 'Чернаковка', '77.266,56.566', '', NULL),
(618, 1, 1, 18, 'Шмаковка', '76.866,56.550', '', NULL),
(619, 1, 1, 18, 'Юдинка', '76.330,56.450', '', NULL),
(620, 1, 1, 18, 'Ядкан', '76.516,56.733', '', NULL),
(621, 1, 1, 18, 'Ядрышниково', '76.333,56.483', '', NULL),
(622, 1, 1, 18, 'Верхняя Тарка', '77.500,56.616', '', NULL),
(623, 1, 1, 18, 'Узас', '76.916,57.660', '', NULL),
(624, 1, 1, 19, 'Александровка', '84.366,54.433', '', NULL),
(625, 1, 1, 19, 'Барсуково', '83.933,54.383', '', NULL),
(626, 1, 1, 19, 'Барышево', '83.183,54.950', '', NULL),
(627, 1, 1, 19, 'Большой Изырак', '84.266,54.516', '', NULL),
(628, 1, 1, 19, 'Борково', '84.500,54.216', '', NULL),
(629, 1, 1, 19, 'Верх-Ики', '84.150,54.616', '', NULL),
(630, 1, 1, 19, 'Дресвянка', '84.533,54.200', '', NULL),
(631, 1, 1, 19, 'Егорьевское', '84.600,54.500', '', NULL),
(632, 1, 1, 19, 'Елбань', '84.600,54.316', '', NULL),
(633, 1, 1, 19, 'Мамоново', '84.266,54.316', '', NULL),
(634, 1, 1, 19, 'Маслянино', '84.216,54.333', '', NULL),
(635, 1, 1, 19, 'Мостовая', '84.650,54.466', '', NULL),
(636, 1, 1, 19, 'Никоново', '83.983,54.433', '', NULL),
(637, 1, 1, 19, 'Новолушниково', '84.600,54.516', '', NULL),
(638, 1, 1, 19, 'Октябрь', '84.183,54.583', '', NULL),
(639, 1, 1, 19, 'Пайвино', '82.566,54.833', '', NULL),
(640, 1, 1, 19, 'Пеньково', '83.983,54.333', '', NULL),
(641, 1, 1, 19, 'Прямское', '83.866,54.316', '', NULL),
(642, 1, 1, 19, 'Серебренниково', '84.433,54.366', '', NULL),
(643, 1, 1, 19, 'Суенга', '84.550,54.400', '', NULL),
(644, 1, 1, 19, 'Талица', '84.416,54.183', '', NULL),
(645, 1, 1, 19, 'Чупино', '84.150,54.400', '', NULL),
(646, 1, 1, 20, 'Балта', '83.866,55.516', '', NULL),
(647, 1, 1, 20, 'Барлак', '83.216,55.216', '', NULL),
(648, 1, 1, 20, 'Белоярка', '83.200,55.416', '', NULL),
(649, 1, 1, 20, 'Бурлиха', '83.950,55.533', '', NULL),
(650, 1, 1, 20, 'Верх-Балта', '83.766,55.333', '', NULL),
(651, 1, 1, 20, 'Глядень', '84.000,55.266', '', NULL),
(652, 1, 1, 20, 'Дубровино', '76.250,55.950', '', NULL),
(653, 1, 1, 20, 'Елтышево', '84.830,55.350', '', NULL),
(654, 1, 1, 20, 'Емельяновский', '83.333,55.250', '', NULL),
(655, 1, 1, 20, 'Кошево', '83.500,55.250', '', NULL),
(656, 1, 1, 20, 'Красногорский', '83.600,55.400', '', NULL),
(657, 1, 1, 20, 'Локти', '83.183,55.266', '', NULL),
(658, 1, 1, 20, 'Мотково', '83.583,55.133', '', NULL),
(659, 1, 1, 20, 'Мошково', '83.600,55.300', '', NULL),
(660, 1, 1, 20, 'Мошнино', '83.633,55.233', '', NULL),
(661, 1, 1, 20, 'Новомошковское', '83.583,55.333', '', NULL),
(662, 1, 1, 20, 'Новый Порос', '83.450,55.316', '', NULL),
(663, 1, 1, 20, 'Обской', '83.450,55.466', '', NULL),
(664, 1, 1, 20, 'Орск', '83.433,55.200', '', NULL),
(665, 1, 1, 20, 'Радуга', '83.733,55.500', '', NULL),
(666, 1, 1, 20, 'Сарапулка', '83.750,55.150', '', NULL),
(667, 1, 1, 20, 'Сарачевка', '83.600,55.500', '', NULL),
(668, 1, 1, 20, 'Смоленский', '83.366,55.200', '', NULL),
(669, 1, 1, 20, 'Сокур', '83.300,55.216', '', NULL),
(670, 1, 1, 20, 'Станционно-Ояшинский', '83.816,55.466', '', NULL),
(671, 1, 1, 20, 'Старый Порос', '83.466,55.416', '', NULL),
(672, 1, 1, 20, 'Тасино', '83.783,55.416', '', NULL),
(673, 1, 1, 20, 'Ташара', '83.483,55.500', '', NULL),
(674, 1, 1, 20, 'Томилово', '83.833,55.216', '', NULL),
(675, 1, 1, 20, 'Умрева', '83.633,55.550', '', NULL),
(676, 1, 1, 20, 'Участок-Балта', '83.933,55.416', '', NULL),
(677, 1, 1, 1, 'Береговое', '82.516,54.650', '', NULL),
(678, 1, 1, 1, 'Бибиха', '82.866,55.316', '', NULL),
(679, 1, 1, 1, 'Боровое', '82.633,54.700', '', NULL),
(680, 1, 1, 1, 'Быково', '83.300,54.933', '', NULL),
(681, 1, 1, 1, 'Верх-Тула', '82.766,54.866', '', NULL),
(682, 1, 1, 1, 'Восход', '83.660,55.830', '', NULL),
(683, 1, 1, 1, 'Гусиный Брод', '83.250,55.830', '', NULL),
(684, 1, 1, 1, 'Железнодорожный', '83.283,54.983', '', NULL),
(685, 1, 1, 1, 'Жеребцово', '83.283,55.116', '', NULL),
(686, 1, 1, 1, 'Затонский', '82.783,55.133', '', NULL),
(687, 1, 1, 1, 'Иня-Восточная', '83.160,55.100', '', NULL),
(688, 1, 1, 1, 'Каинская Заимка', '83.150,54.866', '', NULL),
(689, 1, 1, 1, 'Каменушка', '83.233,54.850', '', NULL),
(690, 1, 1, 1, 'Кирово', '83.116,54.816', '', NULL),
(691, 1, 1, 1, 'Ключи', '83.266,54.850', '', NULL),
(692, 1, 1, 1, 'Кольцово', '83.250,54.950', '', NULL),
(693, 1, 1, 1, 'Краснообск', '83.000,54.916', '', NULL),
(694, 1, 1, 1, 'Криводановка', '82.666,55.830', '', NULL),
(695, 1, 1, 1, 'Крупской', '82.733,54.833', '', NULL),
(696, 1, 1, 1, 'Кубовая', '82.916,55.266', '', NULL),
(697, 1, 1, 1, 'Левые Чемы (админ. территория г. Новосибирска)', '82.966,54.866', '', NULL),
(698, 1, 1, 1, 'Марусино', '82.750,55.330', '', NULL),
(699, 1, 1, 1, 'Мочище', '82.850,55.150', '', NULL),
(700, 1, 1, 1, 'Новолуговое', '83.133,54.983', '', NULL),
(701, 1, 1, 1, 'Новоозерный', '82.566,54.966', '', NULL),
(702, 1, 1, 1, 'Новый Поселок', '83.100,54.800', '', NULL),
(703, 1, 1, 1, 'Павино', '82.633,55.160', '', NULL),
(704, 1, 1, 1, 'Пионерский', '83.350,55.000', '', NULL),
(705, 1, 1, 1, 'Правые Чемы (админ. территория г. Новосибирска)', '83.500,54.850', '', NULL),
(706, 1, 1, 1, 'Прогресс', '82.550,54.700', '', NULL),
(707, 1, 1, 1, 'Раздольное', '83.133,55.660', '', NULL),
(708, 1, 1, 1, 'Сенчанка', '82.466,54.850', '', NULL),
(709, 1, 1, 1, 'Толмачево', '82.750,54.983', '', NULL),
(710, 1, 1, 1, 'Тулинский', '82.850,54.916', '', NULL),
(711, 1, 1, 1, 'Шадриха', '83.200,54.816', '', NULL),
(712, 1, 1, 1, 'Юный Ленинец', '83.000,54.883', '', NULL),
(713, 1, 1, 1, 'Огурцово', '82.950,54.900', '', NULL),
(714, 1, 1, 1, 'Пашино', '83.000,55.183', '', NULL),
(715, 1, 1, 21, 'Абрашино', '81.716,54.250', '', NULL),
(716, 1, 1, 21, 'Антоново', '81.416,54.100', '', NULL),
(717, 1, 1, 21, 'Борисовский', '81.616,54.533', '', NULL),
(718, 1, 1, 21, 'Бугринская Роща', '81.716,54.466', '', NULL),
(719, 1, 1, 21, 'Вагайцево', '81.866,54.366', '', NULL),
(720, 1, 1, 21, 'Верх-Алеус', '81.266,54.183', '', NULL),
(721, 1, 1, 21, 'Верх-Чик', '81.950,54.650', '', NULL),
(722, 1, 1, 21, 'Верхняя Ирмень', '82.233,54.583', '', NULL),
(723, 1, 1, 21, 'Ерестная', '82.150,54.383', '', NULL),
(724, 1, 1, 21, 'Кирза', '81.666,54.233', '', NULL),
(725, 1, 1, 21, 'Козиха', '82.133,54.566', '', NULL),
(726, 1, 1, 21, 'Краснозёрск', '79.233,53.966', '', NULL),
(727, 1, 1, 21, 'Логовской', '81.150,54.216', '', NULL),
(728, 1, 1, 21, 'Малоирменка', '81.900,54.533', '', NULL),
(729, 1, 1, 21, 'Милованово', '81.566,54.100', '', NULL),
(730, 1, 1, 21, 'Нижнекаменка', '81.933,54.316', '', NULL),
(731, 1, 1, 21, 'Новокузьминка', '81.166,54.133', '', NULL),
(732, 1, 1, 21, 'Новопичугово', '82.350,54.616', '', NULL),
(733, 1, 1, 21, 'Новый Шарап', '82.500,54.416', '', NULL),
(734, 1, 1, 21, 'Обь', '82.683,55.160', '', NULL),
(735, 1, 1, 21, 'Ордынское', '81.950,54.366', '', NULL),
(736, 1, 1, 21, 'Приозерский', '81.833,54.583', '', NULL),
(737, 1, 1, 21, 'Пролетарский', '81.166,54.383', '', NULL),
(738, 1, 1, 21, 'Рогалево', '81.600,54.350', '', NULL),
(739, 1, 1, 21, 'Спирино', '81.566,54.133', '', NULL),
(740, 1, 1, 21, 'Усть-Луковка', '81.733,54.383', '', NULL),
(741, 1, 1, 21, 'Усть-Хмелевка', '81.783,54.266', '', NULL),
(742, 1, 1, 21, 'Устюжанино', '81.316,54.183', '', NULL),
(743, 1, 1, 21, 'Филиппово', '81.533,54.333', '', NULL),
(744, 1, 1, 21, 'Черемшанка', '81.500,54.216', '', NULL),
(745, 1, 1, 21, 'Чингис', '81.633,54.133', '', NULL),
(746, 1, 1, 21, 'Шайдуровский', '81.316,54.416', '', NULL),
(747, 1, 1, 22, 'Алешинский', '78.950,56.350', '', NULL),
(748, 1, 1, 22, 'Бергуль', '78.483,56.616', '', NULL),
(749, 1, 1, 22, 'Биаза', '78.300,56.616', '', NULL),
(750, 1, 1, 22, 'Большие Кулики', '77.733,56.283', '', NULL),
(751, 1, 1, 22, 'Верх-Красноярка', '77.933,56.366', '', NULL),
(752, 1, 1, 22, 'Веселая', '78.216,56.616', '', NULL),
(753, 1, 1, 22, 'Витинск', '78.416,56.300', '', NULL),
(754, 1, 1, 22, 'Гражданцево', '78.166,56.350', '', NULL),
(755, 1, 1, 22, 'Забоевка', '77.850,56.333', '', NULL),
(756, 1, 1, 22, 'Ичкала', '78.583,56.633', '', NULL),
(757, 1, 1, 22, 'Канаш', '78.833,56.250', '', NULL),
(758, 1, 1, 22, 'Михеевка', '78.750,56.216', '', NULL),
(759, 1, 1, 22, 'Надеждинка', '78.433,56.766', '', NULL),
(760, 1, 1, 22, 'Новоникольское', '77.683,56.216', '', NULL),
(761, 1, 1, 22, 'Останинка', '78.266,56.716', '', NULL),
(762, 1, 1, 22, 'Остяцк', '78.100,56.700', '', NULL),
(763, 1, 1, 22, 'Потюканово', '78.450,56.500', '', NULL),
(764, 1, 1, 22, 'Рязанск', '78.933,56.160', '', NULL),
(765, 1, 1, 22, 'Северное', '78.350,56.350', '', NULL),
(766, 1, 1, 22, 'Среднеичинский', '78.450,55.900', '', NULL),
(767, 1, 1, 22, 'Сургуты', '78.733,56.660', '', NULL),
(768, 1, 1, 22, 'Ударник', '78.116,56.383', '', NULL),
(769, 1, 1, 22, 'Ургуль', '78.100,56.700', '', NULL),
(770, 1, 1, 22, 'Усть-Ургулька', '77.800,56.333', '', NULL),
(771, 1, 1, 22, 'Чебаки', '78.550,56.316', '', NULL),
(772, 1, 1, 22, 'Чуваши', '78.833,56.400', '', NULL),
(773, 1, 1, 23, 'Артамоново', '82.150,54.200', '', NULL),
(774, 1, 1, 23, 'Бедрино', '82.266,53.983', '', NULL),
(775, 1, 1, 23, 'Битки', '82.266,54.200', '', NULL),
(776, 1, 1, 23, 'Бобровка', '82.133,53.933', '', NULL),
(777, 1, 1, 23, 'Болтово', '82.266,54.330', '', NULL),
(778, 1, 1, 23, 'Верх-Сузун', '82.300,53.683', '', NULL),
(779, 1, 1, 23, 'Горбуниха', '82.216,54.266', '', NULL),
(780, 1, 1, 23, 'Заковряжино', '82.433,54.330', '', NULL),
(781, 1, 1, 23, 'Земледелец', '82.500,53.866', '', NULL),
(782, 1, 1, 23, 'Каргаполово', '81.933,53.766', '', NULL),
(783, 1, 1, 23, 'Клитенка', '82.516,54.116', '', NULL),
(784, 1, 1, 23, 'Клыгино', '82.830,53.800', '', NULL),
(785, 1, 1, 23, 'Ключики', '81.900,53.900', '', NULL),
(786, 1, 1, 23, 'Красный Камешек', '82.166,53.900', '', NULL),
(787, 1, 1, 23, 'Лесниковский', '82.366,53.600', '', NULL),
(788, 1, 1, 23, 'Лушники', '82.216,54.500', '', NULL),
(789, 1, 1, 23, 'Малая Крутишка', '81.883,54.660', '', NULL),
(790, 1, 1, 23, 'Маюрово', '82.433,54.316', '', NULL),
(791, 1, 1, 23, 'Мереть', '82.416,53.566', '', NULL),
(792, 1, 1, 23, 'Мышланка', '82.100,54.160', '', NULL),
(793, 1, 1, 23, 'Нечунаевский', '82.450,53.800', '', NULL),
(794, 1, 1, 23, 'Нижний Сузун', '82.150,53.716', '', NULL),
(795, 1, 1, 23, 'Новоосиновский', '82.550,53.816', '', NULL),
(796, 1, 1, 23, 'Новостройка', '82.266,53.900', '', NULL),
(797, 1, 1, 23, 'Плоское', '82.466,54.200', '', NULL),
(798, 1, 1, 23, 'Сузун', '82.316,53.783', '', NULL),
(799, 1, 1, 23, 'Сумы', '80.433,54.800', '', NULL),
(800, 1, 1, 23, 'Тараданово', '81.850,53.783', '', NULL),
(801, 1, 1, 23, 'Татчиха', '82.500,54.366', '', NULL),
(802, 1, 1, 23, 'Федоровский', '82.550,54.150', '', NULL),
(803, 1, 1, 23, 'Харьковка', '82.316,54.100', '', NULL),
(804, 1, 1, 23, 'Холодное', '82.600,54.116', '', NULL),
(805, 1, 1, 23, 'Шайдурово', '81.800,54.160', '', NULL),
(806, 1, 1, 23, 'Шарчино', '82.533,54.266', '', NULL),
(807, 1, 1, 23, 'Шигаево', '82.316,54.250', '', NULL),
(808, 1, 1, 23, 'Шипуново', '82.600,54.160', '', NULL),
(809, 1, 1, 23, 'Шипуновский', '82.600,53.966', '', NULL),
(810, 1, 1, 24, 'Безбожник', '75.516,55.183', '', NULL),
(811, 1, 1, 24, 'Богдановка', '76.216,55.316', '', NULL),
(812, 1, 1, 24, 'Варваровка', '76.250,54.400', '', NULL),
(813, 1, 1, 24, 'Воздвиженка', '75.283,55.283', '', NULL),
(814, 1, 1, 24, 'Волово', '75.900,54.833', '', NULL),
(815, 1, 1, 24, 'Городенка', '75.800,54.950', '', NULL),
(816, 1, 1, 24, 'Дмитриевка', '75.400,55.700', '', NULL),
(817, 1, 1, 24, 'Евгеньевка', '75.683,55.830', '', NULL),
(818, 1, 1, 24, 'Забулга', '75.700,55.183', '', NULL),
(819, 1, 1, 24, 'Зеленая Грива', '75.433,55.433', '', NULL),
(820, 1, 1, 24, 'Зубовка', '75.516,54.850', '', NULL),
(821, 1, 1, 24, 'Кабанка', '75.983,55.433', '', NULL),
(822, 1, 1, 24, 'Казаткуль', '76.500,55.330', '', NULL),
(823, 1, 1, 24, 'Казачий Мыс', '75.866,55.500', '', NULL),
(824, 1, 1, 24, 'Кочневка', '76.116,55.483', '', NULL),
(825, 1, 1, 24, 'Лебяжье', '76.660,54.916', '', NULL),
(826, 1, 1, 24, 'Лопатино', '75.733,55.383', '', NULL),
(827, 1, 1, 24, 'Моховая', '75.366,54.933', '', NULL),
(828, 1, 1, 24, 'Неудачино', '75.500,55.133', '', NULL),
(829, 1, 1, 24, 'Никулино', '75.516,55.500', '', NULL),
(830, 1, 1, 24, 'Нововознесенка', '75.916,55.350', '', NULL),
(831, 1, 1, 24, 'Новопервомайское', '75.400,55.133', '', NULL),
(832, 1, 1, 24, 'Первомихайловка', '75.800,55.116', '', NULL),
(833, 1, 1, 24, 'Розенталь', '75.466,55.300', '', NULL),
(834, 1, 1, 24, 'Северотатарское', '75.883,55.183', '', NULL),
(835, 1, 1, 24, 'Сибиряк', '76.816,54.700', '', NULL),
(836, 1, 1, 24, 'Степановка 2-я', '75.500,55.216', '', NULL),
(837, 1, 1, 24, 'Тайлаково', '77.300,55.500', '', NULL),
(838, 1, 1, 24, 'Тарышта', '76.166,55.250', '', NULL),
(839, 1, 1, 24, 'Татарск', '75.966,55.200', '', NULL),
(840, 1, 1, 24, 'Увальское', '75.366,55.466', '', NULL),
(841, 1, 1, 24, 'Ускюль', '75.350,55.333', '', NULL),
(842, 1, 1, 24, 'Чернышевский', '75.883,55.330', '', NULL),
(843, 1, 1, 25, 'Агафониха', '84.116,54.933', '', NULL),
(844, 1, 1, 25, 'Академгородок (Новосибирск)', '83.330,54.850', '', NULL),
(845, 1, 1, 25, 'Аплаксино', '83.733,54.950', '', NULL),
(846, 1, 1, 25, 'Боровлянка', '84.100,55.160', '', NULL),
(847, 1, 1, 25, 'Борцово', '84.830,55.150', '', NULL),
(848, 1, 1, 25, 'Вассино', '84.366,55.660', '', NULL),
(849, 1, 1, 25, 'Верх-Ачино', '84.616,55.450', '', NULL),
(850, 1, 1, 25, 'Восточная', '83.450,55.330', '', NULL),
(851, 1, 1, 25, 'Голомыскино', '84.633,55.330', '', NULL),
(852, 1, 1, 25, 'Горный', '83.933,55.116', '', NULL),
(853, 1, 1, 25, 'Гутово', '84.300,55.266', '', NULL),
(854, 1, 1, 25, 'Дергаусово', '84.183,54.866', '', NULL),
(855, 1, 1, 25, 'Долгово', '84.450,55.433', '', NULL),
(856, 1, 1, 25, 'Доронино', '84.616,54.983', '', NULL),
(857, 1, 1, 25, 'Завьялово', '84.716,55.660', '', NULL),
(858, 1, 1, 25, 'Заречное', '84.600,55.166', '', NULL),
(859, 1, 1, 25, 'Златоуст', '84.133,55.250', '', NULL),
(860, 1, 1, 25, 'Изылы', '84.450,55.200', '', NULL),
(861, 1, 1, 25, 'Изынский', '83.983,55.183', '', NULL),
(862, 1, 1, 25, 'Ирба', '84.283,55.383', '', NULL),
(863, 1, 1, 25, 'Иркутский', '84.830,55.660', '', NULL),
(864, 1, 1, 25, 'Кадниха', '84.233,55.160', '', NULL),
(865, 1, 1, 25, 'Карпысак', '83.716,55.330', '', NULL),
(866, 1, 1, 25, 'Киик', '84.700,55.250', '', NULL),
(867, 1, 1, 25, 'Колтырак', '84.916,54.783', '', NULL),
(868, 1, 1, 25, 'Коурак', '84.666,54.833', '', NULL),
(869, 1, 1, 25, 'Кудельный Ключ', '84.250,55.150', '', NULL),
(870, 1, 1, 25, 'Курундус', '84.800,55.500', '', NULL),
(871, 1, 1, 25, 'Лебедево', '84.333,54.916', '', NULL),
(872, 1, 1, 25, 'Лебедиха', '84.900,54.600', '', NULL),
(873, 1, 1, 25, 'Лекарственное', '83.666,55.000', '', NULL),
(874, 1, 1, 25, 'Льниха', '83.633,55.116', '', NULL),
(875, 1, 1, 25, 'Марай', '84.266,54.983', '', NULL),
(876, 1, 1, 25, 'Мокрушино', '84.866,54.750', '', NULL),
(877, 1, 1, 25, 'Налетиха', '83.900,54.950', '', NULL),
(878, 1, 1, 25, 'Никольский', '83.983,55.100', '', NULL),
(879, 1, 1, 25, 'Новоабышево', '84.533,54.883', '', NULL),
(880, 1, 1, 25, 'Отгонка', '83.966,55.216', '', NULL),
(881, 1, 1, 25, 'Паровозный', '83.533,55.100', '', NULL),
(882, 1, 1, 25, 'Пензенский', '84.500,55.200', '', NULL),
(883, 1, 1, 25, 'Правый Курундус', '84.316,54.983', '', NULL),
(884, 1, 1, 25, 'Пятилетка', '84.500,54.966', '', NULL),
(885, 1, 1, 25, 'Репьево', '83.466,55.660', '', NULL),
(886, 1, 1, 25, 'Саламатово', '84.766,55.150', '', NULL),
(887, 1, 1, 25, 'Старогутово', '84.616,54.750', '', NULL),
(888, 1, 1, 25, 'Степно-Гутово', '84.966,54.850', '', NULL),
(889, 1, 1, 25, 'Студеный', '84.330,54.850', '', NULL),
(890, 1, 1, 25, 'Сурково', '84.500,55.300', '', NULL),
(891, 1, 1, 25, 'Тогучин', '84.400,55.233', '', NULL),
(892, 1, 1, 25, 'Усть-Каменка', '83.850,55.000', '', NULL),
(893, 1, 1, 25, 'Чемское', '83.950,54.850', '', NULL),
(894, 1, 1, 25, 'Шубкино', '84.233,55.830', '', NULL),
(895, 1, 1, 25, 'Инской', '83.233,54.216', '', NULL),
(896, 1, 1, 26, 'Александро-Невское', '79.183,55.250', '', NULL),
(897, 1, 1, 26, 'Асенкритово', '79.600,55.233', '', NULL),
(898, 1, 1, 26, 'Ачеканка', '79.800,55.516', '', NULL),
(899, 1, 1, 26, 'Блиновский', '79.100,55.466', '', NULL),
(900, 1, 1, 26, 'Борисоглебский', '79.316,55.266', '', NULL),
(901, 1, 1, 26, 'Владимировское', '79.600,55.383', '', NULL),
(902, 1, 1, 26, 'Гандичи', '79.183,55.330', '', NULL),
(903, 1, 1, 26, 'Голубовка', '79.866,55.666', '', NULL),
(904, 1, 1, 26, 'Жданковский', '79.150,55.383', '', NULL),
(905, 1, 1, 26, 'Заречноубинская', '79.900,55.533', '', NULL),
(906, 1, 1, 26, 'Кирилловка', '79.466,55.116', '', NULL),
(907, 1, 1, 26, 'Кожурла', '79.330,55.350', '', NULL),
(908, 1, 1, 26, 'Колмаково', '79.283,55.433', '', NULL),
(909, 1, 1, 26, 'Крещенский', '79.783,55.400', '', NULL),
(910, 1, 1, 26, 'Круглоозерное', '79.300,55.830', '', NULL);
INSERT INTO `geo_locality` (`id`, `geo_country_id`, `geo_region_id`, `geo_region_area_id`, `name`, `coordinates`, `yandex_map_coordinates`, `google_map_coordinates`) VALUES
(911, 1, 1, 26, 'Ксеньевка', '79.450,55.450', '', NULL),
(912, 1, 1, 26, 'Кундран', '79.333,54.900', '', NULL),
(913, 1, 1, 26, 'Лебединка', '79.550,55.600', '', NULL),
(914, 1, 1, 26, 'Лисьи Норки', '80.830,55.866', '', NULL),
(915, 1, 1, 26, 'Мартемьяновка', '80.366,55.900', '', NULL),
(916, 1, 1, 26, 'Московка', '79.800,55.250', '', NULL),
(917, 1, 1, 26, 'Николаевка 2-я', '79.160,55.183', '', NULL),
(918, 1, 1, 26, 'Новая Качемка', '79.533,55.400', '', NULL),
(919, 1, 1, 26, 'Новогандичево', '79.300,55.000', '', NULL),
(920, 1, 1, 26, 'Новодубровское', '79.983,55.700', '', NULL),
(921, 1, 1, 26, 'Новоселово', '79.300,55.400', '', NULL),
(922, 1, 1, 26, 'Новоягодный', '79.166,55.416', '', NULL),
(923, 1, 1, 26, 'Новый Карапуз', '79.100,55.133', '', NULL),
(924, 1, 1, 26, 'Орловское', '79.733,55.516', '', NULL),
(925, 1, 1, 26, 'Пашково', '79.683,55.633', '', NULL),
(926, 1, 1, 26, 'Подлесный', '79.400,55.283', '', NULL),
(927, 1, 1, 26, 'Раисино', '79.600,55.183', '', NULL),
(928, 1, 1, 26, 'Ревунка', '79.700,55.700', '', NULL),
(929, 1, 1, 26, 'Светлая Грива', '80.100,55.633', '', NULL),
(930, 1, 1, 26, 'Суходолье', '79.333,55.330', '', NULL),
(931, 1, 1, 26, 'Убинское', '79.616,55.300', '', NULL),
(932, 1, 1, 26, 'Херсонка', '79.816,55.500', '', NULL),
(933, 1, 1, 26, 'Шушковский', '79.383,55.383', '', NULL),
(934, 1, 1, 27, 'Камышево', '76.160,55.616', '', NULL),
(935, 1, 1, 27, 'Козино', '75.483,55.516', '', NULL),
(936, 1, 1, 27, 'Красноникольск', '75.416,55.616', '', NULL),
(937, 1, 1, 27, 'Кушаги', '75.733,55.666', '', NULL),
(938, 1, 1, 27, 'Майский', '83.366,54.183', '', NULL),
(939, 1, 1, 27, 'Мартыново', '75.733,56.660', '', NULL),
(940, 1, 1, 27, 'Мураши', '75.566,55.716', '', NULL),
(941, 1, 1, 27, 'Новоникольск', '75.966,55.716', '', NULL),
(942, 1, 1, 27, 'Победа', '75.533,55.633', '', NULL),
(943, 1, 1, 27, 'Резино', '75.283,55.850', '', NULL),
(944, 1, 1, 27, 'Родькино', '75.783,55.833', '', NULL),
(945, 1, 1, 27, 'Тарка', '75.633,55.600', '', NULL),
(946, 1, 1, 27, 'Тихоновка', '75.883,55.766', '', NULL),
(947, 1, 1, 27, 'Угуй', '76.500,56.330', '', NULL),
(948, 1, 1, 27, 'Усть-Тарка', '75.700,55.566', '', NULL),
(949, 1, 1, 27, 'Чичканка', '76.233,56.100', '', NULL),
(950, 1, 1, 27, 'Щербаки', '75.666,55.533', '', NULL),
(951, 1, 1, 27, 'Янабино', '76.233,55.983', '', NULL),
(952, 1, 1, 27, 'Яркуль-Матюшкино', '76.830,55.850', '', NULL),
(953, 1, 1, 28, 'Абрамовка', '77.660,55.500', '', NULL),
(954, 1, 1, 28, 'Белехта', '76.816,55.250', '', NULL),
(955, 1, 1, 28, 'Блюдцы', '77.000,54.933', '', NULL),
(956, 1, 1, 28, 'Земляная Заимка', '76.616,55.166', '', NULL),
(957, 1, 1, 28, 'Кабаклы', '76.516,55.183', '', NULL),
(958, 1, 1, 28, 'Ковыльный', '76.883,55.116', '', NULL),
(959, 1, 1, 28, 'Кошкуль', '77.166,55.366', '', NULL),
(960, 1, 1, 28, 'Красноселье', '76.816,55.466', '', NULL),
(961, 1, 1, 28, 'Малый Тебис', '76.716,55.483', '', NULL),
(962, 1, 1, 28, 'Маметкино', '76.850,55.200', '', NULL),
(963, 1, 1, 28, 'Матвеевка', '76.950,55.330', '', NULL),
(964, 1, 1, 28, 'Межгривный', '77.216,55.400', '', NULL),
(965, 1, 1, 28, 'Моховое', '76.816,55.283', '', NULL),
(966, 1, 1, 28, 'Новопреображенка', '77.100,55.333', '', NULL),
(967, 1, 1, 28, 'Новофеклино', '77.330,55.133', '', NULL),
(968, 1, 1, 28, 'Новояблоновка', '77.300,54.866', '', NULL),
(969, 1, 1, 28, 'Новояркуль', '76.950,55.366', '', NULL),
(970, 1, 1, 28, 'Озеро-Карачи', '76.966,55.333', '', NULL),
(971, 1, 1, 28, 'Оравка', '76.533,55.450', '', NULL),
(972, 1, 1, 28, 'Отреченское', '77.233,55.116', '', NULL),
(973, 1, 1, 28, 'Погорелка', '77.450,55.450', '', NULL),
(974, 1, 1, 28, 'Полтавка', '76.466,55.116', '', NULL),
(975, 1, 1, 28, 'Приомский', '77.666,55.400', '', NULL),
(976, 1, 1, 28, 'Север', '76.816,55.383', '', NULL),
(977, 1, 1, 28, 'Старая Преображенка', '77.500,55.500', '', NULL),
(978, 1, 1, 28, 'Старые Карачи', '77.500,55.483', '', NULL),
(979, 1, 1, 28, 'Таган', '77.283,54.950', '', NULL),
(980, 1, 1, 28, 'Танчик', '77.400,55.333', '', NULL),
(981, 1, 1, 28, 'Тебис', '77.516,55.300', '', NULL),
(982, 1, 1, 28, 'Узунгуль', '76.466,55.433', '', NULL),
(983, 1, 1, 28, 'Чаны', '76.750,55.300', '', NULL),
(984, 1, 1, 28, 'Чик', '82.450,55.160', '', NULL),
(985, 1, 1, 28, 'Чурым', '77.383,55.400', '', NULL),
(986, 1, 1, 28, 'Щеглово', '76.550,55.350', '', NULL),
(987, 1, 1, 28, 'Юрки', '76.866,55.500', '', NULL),
(988, 1, 1, 29, 'Безменово', '83.400,54.830', '', NULL),
(989, 1, 1, 29, 'Бочкарево', '83.466,54.250', '', NULL),
(990, 1, 1, 29, 'Бураново', '83.900,54.200', '', NULL),
(991, 1, 1, 29, 'Верх-Мильтюши', '82.900,54.283', '', NULL),
(992, 1, 1, 29, 'Виноград', '82.883,54.160', '', NULL),
(993, 1, 1, 29, 'Высокая Поляна', '83.533,54.333', '', NULL),
(994, 1, 1, 29, 'Грибной', '83.250,54.283', '', NULL),
(995, 1, 1, 29, 'Дорогина Заимка', '83.200,54.350', '', NULL),
(996, 1, 1, 29, 'Дорогино', '83.333,54.366', '', NULL),
(997, 1, 1, 29, 'Еловкино', '83.300,54.100', '', NULL),
(998, 1, 1, 29, 'Запрудный', '83.450,54.366', '', NULL),
(999, 1, 1, 29, 'Зимовье', '83.550,54.233', '', NULL),
(1000, 1, 1, 29, 'Искра', '83.416,54.183', '', NULL),
(1001, 1, 1, 29, 'Крутишка', '83.150,54.183', '', NULL),
(1002, 1, 1, 29, 'Куриловка', '82.766,54.216', '', NULL),
(1003, 1, 1, 29, 'Листвянка', '83.733,54.150', '', NULL),
(1004, 1, 1, 29, 'Медведское', '83.550,54.400', '', NULL),
(1005, 1, 1, 29, 'Нововоскресенка', '83.660,54.100', '', NULL),
(1006, 1, 1, 29, 'Новошмаково', '83.700,54.233', '', NULL),
(1007, 1, 1, 29, 'Огнева Заимка', '83.750,54.283', '', NULL),
(1008, 1, 1, 29, 'Падун', '83.616,54.350', '', NULL),
(1009, 1, 1, 29, 'Посевная', '83.333,54.300', '', NULL),
(1010, 1, 1, 29, 'Привольный', '83.383,54.116', '', NULL),
(1011, 1, 1, 29, 'Пушной', '83.416,54.233', '', NULL),
(1012, 1, 1, 29, 'Романово', '83.466,54.200', '', NULL),
(1013, 1, 1, 29, 'Татарка', '83.733,54.183', '', NULL),
(1014, 1, 1, 29, 'Чащино', '82.966,54.500', '', NULL),
(1015, 1, 1, 29, 'Черепаново', '83.366,54.216', '', NULL),
(1016, 1, 1, 29, 'Шурыгино', '82.866,54.660', '', NULL),
(1017, 1, 1, 29, 'Южный', '83.433,54.160', '', NULL),
(1018, 1, 1, 30, 'Барабо-Юдино', '76.716,54.550', '', NULL),
(1019, 1, 1, 30, 'Большая Тахта', '76.660,54.700', '', NULL),
(1020, 1, 1, 30, 'Бугриновка', '76.666,54.383', '', NULL),
(1021, 1, 1, 30, 'Водопойное', '76.366,54.850', '', NULL),
(1022, 1, 1, 30, 'Елизаветинка', '76.483,54.733', '', NULL),
(1023, 1, 1, 30, 'Журавка', '76.583,54.616', '', NULL),
(1024, 1, 1, 30, 'Заячье', '76.483,54.966', '', NULL),
(1025, 1, 1, 30, 'Канавы', '77.330,54.683', '', NULL),
(1026, 1, 1, 30, 'Лебяжинский', '76.383,54.816', '', NULL),
(1027, 1, 1, 30, 'Малая Тахта', '76.250,54.600', '', NULL),
(1028, 1, 1, 30, 'Мухино', '76.830,54.516', '', NULL),
(1029, 1, 1, 30, 'Новая Кошкуль', '76.633,54.950', '', NULL),
(1030, 1, 1, 30, 'Новая Кулында', '76.383,54.916', '', NULL),
(1031, 1, 1, 30, 'Новокрасное', '76.200,54.333', '', NULL),
(1032, 1, 1, 30, 'Олтарь', '76.650,54.533', '', NULL),
(1033, 1, 1, 30, 'Ольгино', '76.166,54.766', '', NULL),
(1034, 1, 1, 30, 'Ольховка', '76.633,54.750', '', NULL),
(1035, 1, 1, 30, 'Польяново', '75.900,54.550', '', NULL),
(1036, 1, 1, 30, 'Романовка', '76.500,54.633', '', NULL),
(1037, 1, 1, 30, 'Старый Кошкуль', '76.650,54.966', '', NULL),
(1038, 1, 1, 30, 'Царицыно', '76.433,55.000', '', NULL),
(1039, 1, 1, 30, 'Цветнополье', '76.100,54.416', '', NULL),
(1040, 1, 1, 30, 'Чаячье', '76.333,54.700', '', NULL),
(1041, 1, 1, 30, 'Черемушки', '76.383,54.516', '', NULL),
(1042, 1, 1, 30, 'Чистоозерное', '76.716,54.716', '', NULL),
(1043, 1, 1, 30, 'Шипицино', '76.866,54.516', '', NULL),
(1044, 1, 1, 30, 'Юдино', '76.750,54.750', '', NULL),
(1045, 1, 1, 30, 'Яминка', '75.950,54.716', '', NULL),
(1046, 1, 1, 31, 'Базово', '81.233,54.533', '', NULL),
(1047, 1, 1, 31, 'Боготольский', '81.416,54.733', '', NULL),
(1048, 1, 1, 31, 'Большеникольское', '81.466,54.600', '', NULL),
(1049, 1, 1, 31, 'Ваничкино', '80.866,54.916', '', NULL),
(1050, 1, 1, 31, 'Васильевский', '80.966,55.266', '', NULL),
(1051, 1, 1, 31, 'Воздвиженский', '80.750,54.650', '', NULL),
(1052, 1, 1, 31, 'Волковский', '81.500,54.883', '', NULL),
(1053, 1, 1, 31, 'Гуськи', '81.266,55.250', '', NULL),
(1054, 1, 1, 31, 'Дворянский', '81.183,54.816', '', NULL),
(1055, 1, 1, 31, 'Дубрава', '81.500,55.333', '', NULL),
(1056, 1, 1, 31, 'Залесный', '81.830,55.160', '', NULL),
(1057, 1, 1, 31, 'Золотая Грива', '80.683,55.000', '', NULL),
(1058, 1, 1, 31, 'Зубари', '80.633,54.933', '', NULL),
(1059, 1, 1, 31, 'Зырянка', '81.400,54.566', '', NULL),
(1060, 1, 1, 31, 'Илюшино', '81.383,55.160', '', NULL),
(1061, 1, 1, 31, 'Иткуль', '81.160,55.830', '', NULL),
(1062, 1, 1, 31, 'Кабинетное', '81.300,55.100', '', NULL),
(1063, 1, 1, 31, 'Каськовский', '81.333,55.383', '', NULL),
(1064, 1, 1, 31, 'Каяк', '80.800,55.330', '', NULL),
(1065, 1, 1, 31, 'Кокошино', '80.633,55.150', '', NULL),
(1066, 1, 1, 31, 'Кузнецкий', '81.300,55.183', '', NULL),
(1067, 1, 1, 31, 'Кузьминский', '80.683,54.850', '', NULL),
(1068, 1, 1, 31, 'Куликовское', '81.830,55.300', '', NULL),
(1069, 1, 1, 31, 'Лежневский', '80.650,55.660', '', NULL),
(1070, 1, 1, 31, 'Лось', '82.500,55.616', '', NULL),
(1071, 1, 1, 31, 'Малая Ужаниха', '81.100,54.733', '', NULL),
(1072, 1, 1, 31, 'Малиновский', '80.933,54.833', '', NULL),
(1073, 1, 1, 31, 'Малоникольское', '81.433,54.616', '', NULL),
(1074, 1, 1, 31, 'Малосуминский', '80.600,54.800', '', NULL),
(1075, 1, 1, 31, 'Михайловский', '80.966,54.583', '', NULL),
(1076, 1, 1, 31, 'Новоиткульское', '81.660,55.500', '', NULL),
(1077, 1, 1, 31, 'Осиновский', '81.483,54.816', '', NULL),
(1078, 1, 1, 31, 'Пенек', '81.566,55.483', '', NULL),
(1079, 1, 1, 31, 'Покровское', '81.600,54.633', '', NULL),
(1080, 1, 1, 31, 'Преображенский', '80.633,54.983', '', NULL),
(1081, 1, 1, 31, 'Рябинка', '81.233,55.500', '', NULL),
(1082, 1, 1, 31, 'Секты', '80.816,55.116', '', NULL),
(1083, 1, 1, 31, 'Серебрянское', '80.716,54.883', '', NULL),
(1084, 1, 1, 31, 'Сидоркино', '81.400,54.866', '', NULL),
(1085, 1, 1, 31, 'Синельниково', '80.983,54.766', '', NULL),
(1086, 1, 1, 31, 'Снежинский', '81.166,54.883', '', NULL),
(1087, 1, 1, 31, 'Суворинский', '80.616,55.133', '', NULL),
(1088, 1, 1, 31, 'Тальники', '81.233,54.983', '', NULL),
(1089, 1, 1, 31, 'Тихомировский', '81.433,55.830', '', NULL),
(1090, 1, 1, 31, 'Ужаниха', '81.660,54.666', '', NULL),
(1091, 1, 1, 31, 'Филимоновский', '81.660,54.933', '', NULL),
(1092, 1, 1, 31, 'Чикман', '81.333,54.766', '', NULL),
(1093, 1, 1, 31, 'Чувашкино', '80.900,55.200', '', NULL),
(1094, 1, 1, 31, 'Шерстобитово', '81.000,54.966', '', NULL),
(1095, 1, 1, 1, 'Бердск', NULL, NULL, NULL),
(1096, 1, 1, 1, 'Кудряшовский', NULL, NULL, NULL),
(1097, 1, 1, 1, 'Верх-Ирмень', NULL, NULL, NULL);

-- --------------------------------------------------------

--
-- Структура таблицы `geo_locality_area`
--

CREATE TABLE IF NOT EXISTS `geo_locality_area` (
  `id` int(11) unsigned NOT NULL,
  `geo_country_id` int(11) unsigned NOT NULL,
  `geo_region_id` int(11) unsigned DEFAULT NULL,
  `geo_region_area_id` int(11) unsigned DEFAULT NULL,
  `geo_locality_id` int(11) unsigned DEFAULT NULL,
  `name` varchar(255) NOT NULL
) ENGINE=InnoDB AUTO_INCREMENT=12 DEFAULT CHARSET=utf8;

--
-- Дамп данных таблицы `geo_locality_area`
--

INSERT INTO `geo_locality_area` (`id`, `geo_country_id`, `geo_region_id`, `geo_region_area_id`, `geo_locality_id`, `name`) VALUES
(1, 1, 1, 1, 1, 'Дзержинский район'),
(2, 1, 1, 1, 1, 'Железнодорожный район'),
(3, 1, 1, 1, 1, 'Заельцовский район'),
(4, 1, 1, 1, 1, 'Калининский район'),
(5, 1, 1, 1, 1, 'Калининский район'),
(6, 1, 1, 1, 1, 'Кировский район'),
(7, 1, 1, 1, 1, 'Ленинский район'),
(8, 1, 1, 1, 1, 'Октябрьский район'),
(9, 1, 1, 1, 1, 'Первомайский район'),
(10, 1, 1, 1, 1, 'Советский район'),
(11, 1, 1, 1, 1, 'Центральный район');

-- --------------------------------------------------------

--
-- Структура таблицы `geo_region`
--

CREATE TABLE IF NOT EXISTS `geo_region` (
  `id` int(11) unsigned NOT NULL,
  `name` varchar(255) NOT NULL,
  `geo_country_id` int(11) unsigned NOT NULL
) ENGINE=InnoDB AUTO_INCREMENT=2 DEFAULT CHARSET=utf8;

--
-- Дамп данных таблицы `geo_region`
--

INSERT INTO `geo_region` (`id`, `name`, `geo_country_id`) VALUES
(1, 'Новосибирская область', 1);

-- --------------------------------------------------------

--
-- Структура таблицы `geo_region_area`
--

CREATE TABLE IF NOT EXISTS `geo_region_area` (
  `id` int(11) unsigned NOT NULL,
  `geo_country_id` int(11) unsigned NOT NULL,
  `geo_region_id` int(11) unsigned DEFAULT NULL,
  `name` varchar(255) NOT NULL
) ENGINE=InnoDB AUTO_INCREMENT=32 DEFAULT CHARSET=utf8;

--
-- Дамп данных таблицы `geo_region_area`
--

INSERT INTO `geo_region_area` (`id`, `geo_country_id`, `geo_region_id`, `name`) VALUES
(1, 1, 1, 'Новосибирский район'),
(2, 1, 1, 'Баганский район'),
(3, 1, 1, 'Барабинский район'),
(4, 1, 1, 'Болотнинский район'),
(5, 1, 1, 'Венгеровский район'),
(6, 1, 1, 'Доволенский район'),
(7, 1, 1, 'Здвинский район'),
(8, 1, 1, 'Искитимский район'),
(9, 1, 1, 'Карасукский район'),
(10, 1, 1, 'Каргатский район'),
(11, 1, 1, 'Колыванский район'),
(12, 1, 1, 'Коченевский район'),
(13, 1, 1, 'Кочковский район'),
(14, 1, 1, 'Краснозерский район'),
(15, 1, 1, 'Красноозерский район'),
(16, 1, 1, 'Куйбышевский район'),
(17, 1, 1, 'Купинский район'),
(18, 1, 1, 'Кыштовский район'),
(19, 1, 1, 'Маслянинский район'),
(20, 1, 1, 'Мошковский район'),
(21, 1, 1, 'Ордынский район'),
(22, 1, 1, 'Северный район'),
(23, 1, 1, 'Сузунский район'),
(24, 1, 1, 'Татарский район'),
(25, 1, 1, 'Тогучинский район'),
(26, 1, 1, 'Убинский район'),
(27, 1, 1, 'Усть-Таркский район'),
(28, 1, 1, 'Чановский район'),
(29, 1, 1, 'Черепановский район'),
(30, 1, 1, 'Чистоозерный район'),
(31, 1, 1, 'Чулымский район');

-- --------------------------------------------------------

--
-- Структура таблицы `information`
--

CREATE TABLE IF NOT EXISTS `information` (
  `id` int(11) unsigned NOT NULL,
  `name` varchar(255) NOT NULL,
  `description` text,
  `active` tinyint(1) unsigned NOT NULL DEFAULT '0',
  `title` varchar(255) DEFAULT NULL,
  `meta_keywords` varchar(255) DEFAULT NULL,
  `meta_description` varchar(255) DEFAULT NULL,
  `title_group` varchar(255) DEFAULT NULL,
  `meta_keywords_group` varchar(255) DEFAULT NULL,
  `meta_description_group` varchar(255) DEFAULT NULL,
  `title_item` varchar(255) DEFAULT NULL,
  `meta_keywords_item` varchar(255) DEFAULT NULL,
  `meta_description_item` varchar(255) DEFAULT NULL,
  `layout_group` varchar(150) DEFAULT NULL,
  `template_group` varchar(150) DEFAULT NULL,
  `layout_item` varchar(150) DEFAULT NULL,
  `template_item` varchar(150) DEFAULT NULL,
  `allow_comment` tinyint(1) unsigned NOT NULL DEFAULT '0',
  `items_on_page` int(3) unsigned NOT NULL DEFAULT '10',
  `format_date` varchar(50) NOT NULL DEFAULT 'd F Y'
) ENGINE=InnoDB AUTO_INCREMENT=4 DEFAULT CHARSET=utf8;

--
-- Дамп данных таблицы `information`
--

INSERT INTO `information` (`id`, `name`, `description`, `active`, `title`, `meta_keywords`, `meta_description`, `title_group`, `meta_keywords_group`, `meta_description_group`, `title_item`, `meta_keywords_item`, `meta_description_item`, `layout_group`, `template_group`, `layout_item`, `template_item`, `allow_comment`, `items_on_page`, `format_date`) VALUES
(1, 'Новости', '<p>Описание для списка новостей</p>', 1, '', '', '', '', '', '', '', '', '', NULL, NULL, NULL, NULL, 0, 2, 'd F Y'),
(2, 'Статьи', '<p>Описание для статей</p>', 1, NULL, NULL, NULL, NULL, NULL, NULL, NULL, NULL, NULL, NULL, NULL, NULL, NULL, 0, 10, 'd F Y'),
(3, 'Блог', '', 1, '', '', '', '', '', '', '', '', '', NULL, NULL, NULL, NULL, 1, 10, 'd F Y');

-- --------------------------------------------------------

--
-- Структура таблицы `information_group`
--

CREATE TABLE IF NOT EXISTS `information_group` (
  `id` int(11) unsigned NOT NULL,
  `tid` varchar(100) DEFAULT NULL,
  `information_id` int(11) unsigned NOT NULL,
  `information_group_id` int(11) unsigned DEFAULT NULL,
  `name` varchar(255) NOT NULL,
  `header` varchar(255) DEFAULT NULL,
  `sub_header` varchar(255) DEFAULT NULL,
  `description` text,
  `content` text,
  `title` varchar(255) DEFAULT NULL,
  `meta_description` varchar(255) DEFAULT NULL,
  `meta_keywords` varchar(255) DEFAULT NULL,
  `title_item` varchar(255) DEFAULT NULL,
  `meta_description_item` varchar(255) DEFAULT NULL,
  `meta_keywords_item` varchar(255) DEFAULT NULL,
  `position` int(11) NOT NULL DEFAULT '0',
  `active` tinyint(1) unsigned NOT NULL DEFAULT '0',
  `depth` int(2) unsigned NOT NULL,
  `lb` int(11) unsigned NOT NULL,
  `rb` int(11) unsigned NOT NULL,
  `image` varchar(255) DEFAULT NULL,
  `image_width` int(11) unsigned DEFAULT '0',
  `image_height` int(11) unsigned DEFAULT '0'
) ENGINE=InnoDB AUTO_INCREMENT=7 DEFAULT CHARSET=utf8;

--
-- Дамп данных таблицы `information_group`
--

INSERT INTO `information_group` (`id`, `tid`, `information_id`, `information_group_id`, `name`, `header`, `sub_header`, `description`, `content`, `title`, `meta_description`, `meta_keywords`, `title_item`, `meta_description_item`, `meta_keywords_item`, `position`, `active`, `depth`, `lb`, `rb`, `image`, `image_width`, `image_height`) VALUES
(1, 'root-novosti', 1, NULL, 'Корневая группа для Новости', NULL, NULL, NULL, NULL, NULL, NULL, NULL, NULL, NULL, NULL, 0, 1, 0, 1, 8, NULL, 0, 0),
(2, 'gruppa-1', 1, 1, 'Группа 1', NULL, NULL, '', '', '', '', '', '', '', '', 1, 1, 1, 4, 7, '', 0, 0),
(3, 'gruppa-2', 1, 1, 'Группа 2', NULL, NULL, '', '', '', '', '', '', '', '', 2, 1, 1, 4, 7, '', 0, 0),
(4, 'root-stati', 2, NULL, 'Корневая группа для Статьи', NULL, NULL, NULL, NULL, NULL, NULL, NULL, NULL, NULL, NULL, 0, 1, 0, 1, 4, NULL, 0, 0),
(5, 'gruppa-1-2', 2, 4, 'Группа 1', NULL, NULL, '', '', '', '', '', '', '', '', 1, 1, 2, 2, 3, '', 0, 0),
(6, 'gruppa-12', 1, 3, 'Группа 1.2.0', NULL, NULL, '', '', '', '', '', '', '', '', 1, 1, 1, 3, 4, '', 0, 0);

-- --------------------------------------------------------

--
-- Структура таблицы `information_item`
--

CREATE TABLE IF NOT EXISTS `information_item` (
  `id` int(11) unsigned NOT NULL,
  `tid` varchar(100) DEFAULT NULL,
  `information_id` int(11) unsigned NOT NULL,
  `information_group_id` int(11) unsigned DEFAULT NULL,
  `name` varchar(255) NOT NULL,
  `description` text,
  `content` mediumtext,
  `header` varchar(255) DEFAULT NULL,
  `sub_header` varchar(255) DEFAULT NULL,
  `title` varchar(255) DEFAULT NULL,
  `meta_keywords` varchar(255) DEFAULT NULL,
  `meta_description` varchar(255) DEFAULT NULL,
  `image` varchar(255) DEFAULT NULL,
  `image_width` int(11) unsigned NOT NULL DEFAULT '0',
  `image_height` int(11) unsigned NOT NULL DEFAULT '0',
  `position` int(11) unsigned NOT NULL DEFAULT '0',
  `active` tinyint(1) unsigned NOT NULL DEFAULT '0',
  `dt_beginning` datetime DEFAULT NULL,
  `dt_ending` datetime DEFAULT NULL,
  `creator_user_id` int(11) unsigned DEFAULT NULL,
  `dt_creation` datetime DEFAULT NULL,
  `ip_creation` varchar(30) DEFAULT NULL,
  `updater_user_id` int(11) unsigned DEFAULT NULL,
  `dt_update` datetime DEFAULT NULL,
  `ip_update` varchar(30) DEFAULT NULL
) ENGINE=InnoDB AUTO_INCREMENT=11 DEFAULT CHARSET=utf8;

--
-- Дамп данных таблицы `information_item`
--

INSERT INTO `information_item` (`id`, `tid`, `information_id`, `information_group_id`, `name`, `description`, `content`, `header`, `sub_header`, `title`, `meta_keywords`, `meta_description`, `image`, `image_width`, `image_height`, `position`, `active`, `dt_beginning`, `dt_ending`, `creator_user_id`, `dt_creation`, `ip_creation`, `updater_user_id`, `dt_update`, `ip_update`) VALUES
(5, 'stabil-price', 1, 2, 'Цены стабилизируются к уровню 2013 года', '<p>По данным агентства недвижимости &laquo;Жилфонд&raquo;, в Новосибирске в декабре 2015 года средневзвешенная цена предложения на рынке готового жилья снизилась на 0,47% и составила 62,93 тыс. рублей за кв.м. По сравнению с январём 2015 года цена предложения упала на 7,33%, а к аналогичному периоду предыдущего года &mdash; на 6,33%.</p>', '<p>&nbsp;</p>\r\n<p>&laquo;Ситуация на рынке недвижимости Новосибирска в последние годы складывалась непростая. Цены в конце 2014 года в связи с политическими и экономическими факторами вышли из состояния стабильности и показали рост. Тогда спрос вырос в разы &mdash; люди активно вкладывали свои сбережения в недвижимость. Пик ценового роста пришёлся на февраль 2015 года, когда средневзвешенная цена составила 68,28 тыс. рублей за кв.м.</p>\r\n<p>Затем ажиотаж схлынул, и кривая цен пошла вниз, достигнув в декабре 2015 года уровня конца 2013-начала 2014 годов, &mdash; рассказывает Сергей Ежак руководитель офиса агентства недвижимости &laquo;Жилфонд&raquo; на ул.Гоголя,38. &mdash; Сейчас на рынке господствуют сделки, в которых в основном действуют потребители, решающие свои жилищные вопросы, инвесторов осталось немного. По данным &laquo;Жилфонда&raquo;, 83% в структуре всех сделок занимают обменные, когда квартира продается для того, чтобы купить другую. Для людей с такой мотивацией плавное снижение цен на рынке недвижимости &mdash; удачный шанс, так как для доплаты при обмене квартир на большую площадь требуется вкладывать меньше собственных средств.</p>\r\n<p>Плавное снижение цен на вторичном рынке может сохраниться до осени 2016 года &mdash; цена стремится стабилизироваться к уровню 2013 года, когда среднегодовая средневзвешенная цена составляла 61,49 тыс. рублей за кв.м.&raquo;.</p>\r\n<p>Уровень цен на вторичном рынке жилья в Новосибирске в декабре 2015 года:</p>\r\n<p>1-комнатные квартиры &ndash; 64,97 тыс. руб. за кв.м.</p>\r\n<p>2-комнатные квартиры &ndash; 62,29 тыс. руб. за кв.м.</p>\r\n<p>3-комнатные квартиры &ndash; 60,46 тыс. руб. за кв.м.</p>\r\n<p>&laquo;Сейчас самое удобное время для решения жилищных вопросов при помощи обменов, с использованием материнского капитала, военной ипотеки и программ cубсидирования. И хотя количество сделок с привлечением ипотечных средств снизилось в 2015 году почти в два раза, ипотека как способ улучшить свои жилищные условия всё равно пользуется спросом, &mdash; отмечает Сергей Ежак. &mdash; В третьем и четвертом квартале 2015 года мы отметили рост количества сделок с привлечением ипотеки. Средняя сумма, которую берут заёмщики на покупку жилья, составила в Новосибирской области около 1 млн 600 тыс. рублей&raquo;.</p>', NULL, NULL, '', '', '', 'photo_e4da3b7fbbce2345d7772b0674a318d5.jpg', 0, 0, 10, 1, '0000-00-00 00:00:00', '0000-00-00 00:00:00', 0, '2016-01-29 00:00:00', '', 1, '2016-08-26 10:33:03', '127.0.0.1'),
(6, 'statya-1', 2, NULL, 'Статья 1', '<p class="text-justify">Значимость этих проблем настолько очевидна, что консультация с широким активом позволяет оценить значение существенных финансовых и административных условий. Повседневная практика показывает, что сложившаяся структура организации требуют определения и уточнения позиций, занимаемых участниками в отношении поставленных задач. Идейные соображения высшего порядка, а также рамки и место обучения кадров способствует подготовки и реализации модели развития. Повседневная практика показывает, что дальнейшее развитие различных форм деятельности обеспечивает широкому кругу (специалистов) участие в формировании дальнейших направлений развития.</p>', '<p class="text-justify">Значимость этих проблем настолько очевидна, что реализация намеченных плановых заданий в значительной степени обуславливает создание форм развития. Повседневная практика показывает, что дальнейшее развитие различных форм деятельности в значительной степени обуславливает создание позиций, занимаемых участниками в отношении поставленных задач. Идейные соображения высшего порядка, а также дальнейшее развитие различных форм деятельности играет важную роль в формировании системы обучения кадров, соответствует насущным потребностям. Повседневная практика показывает, что новая модель организационной деятельности обеспечивает широкому кругу (специалистов) участие в формировании соответствующий условий активизации. Задача организации, в особенности же постоянное информационно-пропагандистское обеспечение нашей деятельности способствует подготовки и реализации новых предложений.</p>\r\n<p class="text-justify">Идейные соображения высшего порядка, а также дальнейшее развитие различных форм деятельности требуют определения и уточнения направлений прогрессивного развития. Разнообразный и богатый опыт реализация намеченных плановых заданий в значительной степени обуславливает создание позиций, занимаемых участниками в отношении поставленных задач. Значимость этих проблем настолько очевидна, что дальнейшее развитие различных форм деятельности требуют определения и уточнения дальнейших направлений развития. Разнообразный и богатый опыт новая модель организационной деятельности представляет собой интересный эксперимент проверки дальнейших направлений развития. Товарищи! дальнейшее развитие различных форм деятельности играет важную роль в формировании существенных финансовых и административных условий. Задача организации, в особенности же реализация намеченных плановых заданий представляет собой интересный эксперимент проверки существенных финансовых и административных условий.</p>\r\n<p class="text-justify">Не следует, однако забывать, что сложившаяся структура организации способствует подготовки и реализации новых предложений. Разнообразный и богатый опыт новая модель организационной деятельности требуют определения и уточнения новых предложений. Значимость этих проблем настолько очевидна, что постоянный количественный рост и сфера нашей активности способствует подготовки и реализации существенных финансовых и административных условий. Разнообразный и богатый опыт рамки и место обучения кадров в значительной степени обуславливает создание позиций, занимаемых участниками в отношении поставленных задач. Таким образом консультация с широким активом позволяет выполнять важные задания по разработке направлений прогрессивного развития. Таким образом укрепление и развитие структуры обеспечивает широкому кругу (специалистов) участие в формировании форм развития.</p>\r\n<p class="text-justify">Задача организации, в особенности же новая модель организационной деятельности требуют определения и уточнения модели развития. Таким образом сложившаяся структура организации обеспечивает широкому кругу (специалистов) участие в формировании дальнейших направлений развития.</p>\r\n<p class="text-justify">С другой стороны консультация с широким активом в значительной степени обуславливает создание систем массового участия. Равным образом постоянное информационно-пропагандистское обеспечение нашей деятельности влечет за собой процесс внедрения и модернизации форм развития. Значимость этих проблем настолько очевидна, что укрепление и развитие структуры способствует подготовки и реализации соответствующий условий активизации. Идейные соображения высшего порядка, а также постоянное информационно-пропагандистское обеспечение нашей деятельности обеспечивает широкому кругу (специалистов) участие в формировании направлений прогрессивного развития.</p>\r\n<p class="text-justify">Значимость этих проблем настолько очевидна, что постоянный количественный рост и сфера нашей активности способствует подготовки и реализации направлений прогрессивного развития. Товарищи! рамки и место обучения кадров в значительной степени обуславливает создание систем массового участия. Товарищи! сложившаяся структура организации в значительной степени обуславливает создание модели развития. Повседневная практика показывает, что рамки и место обучения кадров требуют от нас анализа существенных финансовых и административных условий. Не следует, однако забывать, что дальнейшее развитие различных форм деятельности представляет собой интересный эксперимент проверки модели развития.</p>\r\n<p class="text-justify">Повседневная практика показывает, что начало повседневной работы по формированию позиции позволяет оценить значение систем массового участия. Таким образом новая модель организационной деятельности играет важную роль в формировании соответствующий условий активизации. Равным образом постоянное информационно-пропагандистское обеспечение нашей деятельности влечет за собой процесс внедрения и модернизации системы обучения кадров, соответствует насущным потребностям.</p>\r\n<p class="text-justify">Разнообразный и богатый опыт реализация намеченных плановых заданий обеспечивает широкому кругу (специалистов) участие в формировании направлений прогрессивного развития. Задача организации, в особенности же сложившаяся структура организации позволяет оценить значение позиций, занимаемых участниками в отношении поставленных задач. Товарищи! дальнейшее развитие различных форм деятельности позволяет выполнять важные задания по разработке модели развития. Таким образом новая модель организационной деятельности представляет собой интересный эксперимент проверки соответствующий условий активизации.</p>\r\n<p class="text-justify">Разнообразный и богатый опыт укрепление и развитие структуры способствует подготовки и реализации позиций, занимаемых участниками в отношении поставленных задач. Идейные соображения высшего порядка, а также рамки и место обучения кадров требуют от нас анализа направлений прогрессивного развития. Товарищи! начало повседневной работы по формированию позиции требуют определения и уточнения модели развития.</p>', NULL, NULL, '', '', '', 'photo_1679091c5a880faf6fb5e6087eb1b2dc.jpg', 0, 0, 0, 1, NULL, NULL, 1, '2016-08-01 16:43:46', '127.0.0.1', 1, '2016-08-23 16:22:49', '127.0.0.1'),
(7, 'kak-my-sdelali-eto', 3, NULL, 'Как мы сделали это', '<p class="text-justify">Не следует, однако забывать, что консультация с широким активом способствует подготовки и реализации дальнейших направлений развития. Не следует, однако забывать, что рамки и место обучения кадров требуют от нас анализа существенных финансовых и административных условий. Товарищи! постоянный количественный рост и сфера нашей активности позволяет выполнять важные задания по разработке существенных финансовых и административных условий. Равным образом сложившаяся структура организации влечет за собой процесс внедрения и модернизации существенных финансовых и административных условий. Таким образом новая модель организационной деятельности требуют определения и уточнения системы обучения кадров, соответствует насущным потребностям.</p>\r\n<p class="text-justify">Не следует, однако забывать, что начало повседневной работы по формированию позиции позволяет выполнять важные задания по разработке системы обучения кадров, соответствует насущным потребностям. Значимость этих проблем настолько очевидна, что сложившаяся структура организации позволяет оценить значение соответствующий условий активизации.</p>', '<p class="text-justify">Не следует, однако забывать, что постоянный количественный рост и сфера нашей активности позволяет выполнять важные задания по разработке новых предложений. Повседневная практика показывает, что реализация намеченных плановых заданий требуют от нас анализа дальнейших направлений развития. Идейные соображения высшего порядка, а также сложившаяся структура организации играет важную роль в формировании модели развития.</p>\r\n<p class="text-justify">Равным образом рамки и место обучения кадров требуют определения и уточнения соответствующий условий активизации. Таким образом дальнейшее развитие различных форм деятельности обеспечивает широкому кругу (специалистов) участие в формировании дальнейших направлений развития. Идейные соображения высшего порядка, а также постоянный количественный рост и сфера нашей активности позволяет оценить значение систем массового участия. С другой стороны постоянное информационно-пропагандистское обеспечение нашей деятельности способствует подготовки и реализации направлений прогрессивного развития. Идейные соображения высшего порядка, а также реализация намеченных плановых заданий требуют от нас анализа соответствующий условий активизации. Равным образом постоянный количественный рост и сфера нашей активности влечет за собой процесс внедрения и модернизации системы обучения кадров, соответствует насущным потребностям.</p>\r\n<p class="text-justify">Повседневная практика показывает, что начало повседневной работы по формированию позиции способствует подготовки и реализации направлений прогрессивного развития. Повседневная практика показывает, что новая модель организационной деятельности позволяет оценить значение систем массового участия. С другой стороны укрепление и развитие структуры представляет собой интересный эксперимент проверки системы обучения кадров, соответствует насущным потребностям. Товарищи! дальнейшее развитие различных форм деятельности позволяет оценить значение модели развития.</p>\r\n<p class="text-justify">Повседневная практика показывает, что консультация с широким активом способствует подготовки и реализации новых предложений. Задача организации, в особенности же начало повседневной работы по формированию позиции требуют от нас анализа форм развития.</p>\r\n<p class="text-justify">Повседневная практика показывает, что сложившаяся структура организации влечет за собой процесс внедрения и модернизации направлений прогрессивного развития. Таким образом сложившаяся структура организации требуют определения и уточнения форм развития. Разнообразный и богатый опыт сложившаяся структура организации представляет собой интересный эксперимент проверки систем массового участия. Равным образом рамки и место обучения кадров требуют от нас анализа новых предложений.</p>\r\n<p class="text-justify">Не следует, однако забывать, что реализация намеченных плановых заданий играет важную роль в формировании системы обучения кадров, соответствует насущным потребностям. Задача организации, в особенности же консультация с широким активом способствует подготовки и реализации соответствующий условий активизации. Задача организации, в особенности же постоянное информационно-пропагандистское обеспечение нашей деятельности требуют от нас анализа направлений прогрессивного развития.</p>\r\n<p class="text-justify">Таким образом реализация намеченных плановых заданий требуют определения и уточнения системы обучения кадров, соответствует насущным потребностям. Задача организации, в особенности же постоянный количественный рост и сфера нашей активности требуют от нас анализа направлений прогрессивного развития.</p>\r\n<p class="text-justify">Равным образом консультация с широким активом позволяет выполнять важные задания по разработке позиций, занимаемых участниками в отношении поставленных задач. С другой стороны начало повседневной работы по формированию позиции требуют определения и уточнения соответствующий условий активизации. Равным образом сложившаяся структура организации требуют определения и уточнения позиций, занимаемых участниками в отношении поставленных задач. Таким образом начало повседневной работы по формированию позиции требуют определения и уточнения модели развития. С другой стороны реализация намеченных плановых заданий влечет за собой процесс внедрения и модернизации модели развития.</p>', NULL, NULL, '', '', '', '', 0, 0, 0, 1, NULL, NULL, 1, '2016-08-23 15:54:16', '127.0.0.1', 1, '2016-08-23 15:54:16', '127.0.0.1'),
(8, 'stabil-price-1', 1, 2, 'Цены стабилизируются к уровню 2013 года 1', '<p>По данным агентства недвижимости &laquo;Жилфонд&raquo;, в Новосибирске в декабре 2015 года средневзвешенная цена предложения на рынке готового жилья снизилась на 0,47% и составила 62,93 тыс. рублей за кв.м. По сравнению с январём 2015 года цена предложения упала на 7,33%, а к аналогичному периоду предыдущего года &mdash; на 6,33%.</p>', '<p>&nbsp;</p>\r\n<p>&laquo;Ситуация на рынке недвижимости Новосибирска в последние годы складывалась непростая. Цены в конце 2014 года в связи с политическими и экономическими факторами вышли из состояния стабильности и показали рост. Тогда спрос вырос в разы &mdash; люди активно вкладывали свои сбережения в недвижимость. Пик ценового роста пришёлся на февраль 2015 года, когда средневзвешенная цена составила 68,28 тыс. рублей за кв.м.</p>\r\n<p>Затем ажиотаж схлынул, и кривая цен пошла вниз, достигнув в декабре 2015 года уровня конца 2013-начала 2014 годов, &mdash; рассказывает Сергей Ежак руководитель офиса агентства недвижимости &laquo;Жилфонд&raquo; на ул.Гоголя,38. &mdash; Сейчас на рынке господствуют сделки, в которых в основном действуют потребители, решающие свои жилищные вопросы, инвесторов осталось немного. По данным &laquo;Жилфонда&raquo;, 83% в структуре всех сделок занимают обменные, когда квартира продается для того, чтобы купить другую. Для людей с такой мотивацией плавное снижение цен на рынке недвижимости &mdash; удачный шанс, так как для доплаты при обмене квартир на большую площадь требуется вкладывать меньше собственных средств.</p>\r\n<p>Плавное снижение цен на вторичном рынке может сохраниться до осени 2016 года &mdash; цена стремится стабилизироваться к уровню 2013 года, когда среднегодовая средневзвешенная цена составляла 61,49 тыс. рублей за кв.м.&raquo;.</p>\r\n<p>Уровень цен на вторичном рынке жилья в Новосибирске в декабре 2015 года:</p>\r\n<p>1-комнатные квартиры &ndash; 64,97 тыс. руб. за кв.м.</p>\r\n<p>2-комнатные квартиры &ndash; 62,29 тыс. руб. за кв.м.</p>\r\n<p>3-комнатные квартиры &ndash; 60,46 тыс. руб. за кв.м.</p>\r\n<p>&laquo;Сейчас самое удобное время для решения жилищных вопросов при помощи обменов, с использованием материнского капитала, военной ипотеки и программ cубсидирования. И хотя количество сделок с привлечением ипотечных средств снизилось в 2015 году почти в два раза, ипотека как способ улучшить свои жилищные условия всё равно пользуется спросом, &mdash; отмечает Сергей Ежак. &mdash; В третьем и четвертом квартале 2015 года мы отметили рост количества сделок с привлечением ипотеки. Средняя сумма, которую берут заёмщики на покупку жилья, составила в Новосибирской области около 1 млн 600 тыс. рублей&raquo;.</p>', NULL, NULL, '', '', '', '', 0, 0, 10, 1, '0000-00-00 00:00:00', '0000-00-00 00:00:00', 0, '2016-01-29 00:00:00', '', 1, '2016-08-26 10:33:03', '127.0.0.1'),
(9, 'stabil-price-2', 1, 2, 'Цены стабилизируются к уровню 2013 года 2', '<p>По данным агентства недвижимости &laquo;Жилфонд&raquo;, в Новосибирске в декабре 2015 года средневзвешенная цена предложения на рынке готового жилья снизилась на 0,47% и составила 62,93 тыс. рублей за кв.м. По сравнению с январём 2015 года цена предложения упала на 7,33%, а к аналогичному периоду предыдущего года &mdash; на 6,33%.</p>', '<p>&nbsp;</p>\r\n<p>&laquo;Ситуация на рынке недвижимости Новосибирска в последние годы складывалась непростая. Цены в конце 2014 года в связи с политическими и экономическими факторами вышли из состояния стабильности и показали рост. Тогда спрос вырос в разы &mdash; люди активно вкладывали свои сбережения в недвижимость. Пик ценового роста пришёлся на февраль 2015 года, когда средневзвешенная цена составила 68,28 тыс. рублей за кв.м.</p>\r\n<p>Затем ажиотаж схлынул, и кривая цен пошла вниз, достигнув в декабре 2015 года уровня конца 2013-начала 2014 годов, &mdash; рассказывает Сергей Ежак руководитель офиса агентства недвижимости &laquo;Жилфонд&raquo; на ул.Гоголя,38. &mdash; Сейчас на рынке господствуют сделки, в которых в основном действуют потребители, решающие свои жилищные вопросы, инвесторов осталось немного. По данным &laquo;Жилфонда&raquo;, 83% в структуре всех сделок занимают обменные, когда квартира продается для того, чтобы купить другую. Для людей с такой мотивацией плавное снижение цен на рынке недвижимости &mdash; удачный шанс, так как для доплаты при обмене квартир на большую площадь требуется вкладывать меньше собственных средств.</p>\r\n<p>Плавное снижение цен на вторичном рынке может сохраниться до осени 2016 года &mdash; цена стремится стабилизироваться к уровню 2013 года, когда среднегодовая средневзвешенная цена составляла 61,49 тыс. рублей за кв.м.&raquo;.</p>\r\n<p>Уровень цен на вторичном рынке жилья в Новосибирске в декабре 2015 года:</p>\r\n<p>1-комнатные квартиры &ndash; 64,97 тыс. руб. за кв.м.</p>\r\n<p>2-комнатные квартиры &ndash; 62,29 тыс. руб. за кв.м.</p>\r\n<p>3-комнатные квартиры &ndash; 60,46 тыс. руб. за кв.м.</p>\r\n<p>&laquo;Сейчас самое удобное время для решения жилищных вопросов при помощи обменов, с использованием материнского капитала, военной ипотеки и программ cубсидирования. И хотя количество сделок с привлечением ипотечных средств снизилось в 2015 году почти в два раза, ипотека как способ улучшить свои жилищные условия всё равно пользуется спросом, &mdash; отмечает Сергей Ежак. &mdash; В третьем и четвертом квартале 2015 года мы отметили рост количества сделок с привлечением ипотеки. Средняя сумма, которую берут заёмщики на покупку жилья, составила в Новосибирской области около 1 млн 600 тыс. рублей&raquo;.</p>', NULL, NULL, '', '', '', 'photo_45c48cce2e2d7fbdea1afc51c7c6ad26.jpg', 0, 0, 10, 1, '0000-00-00 00:00:00', '0000-00-00 00:00:00', 0, '2016-01-29 00:00:00', '', 1, '2016-08-29 15:28:02', '127.0.0.1'),
(10, 'stabil-price-3', 1, 2, 'Цены стабилизируются к уровню 2013 года 3', '<p>По данным агентства недвижимости &laquo;Жилфонд&raquo;, в Новосибирске в декабре 2015 года средневзвешенная цена предложения на рынке готового жилья снизилась на 0,47% и составила 62,93 тыс. рублей за кв.м. По сравнению с январём 2015 года цена предложения упала на 7,33%, а к аналогичному периоду предыдущего года &mdash; на 6,33%.</p>', '<p>&nbsp;</p>\r\n<p>&laquo;Ситуация на рынке недвижимости Новосибирска в последние годы складывалась непростая. Цены в конце 2014 года в связи с политическими и экономическими факторами вышли из состояния стабильности и показали рост. Тогда спрос вырос в разы &mdash; люди активно вкладывали свои сбережения в недвижимость. Пик ценового роста пришёлся на февраль 2015 года, когда средневзвешенная цена составила 68,28 тыс. рублей за кв.м.</p>\r\n<p>Затем ажиотаж схлынул, и кривая цен пошла вниз, достигнув в декабре 2015 года уровня конца 2013-начала 2014 годов, &mdash; рассказывает Сергей Ежак руководитель офиса агентства недвижимости &laquo;Жилфонд&raquo; на ул.Гоголя,38. &mdash; Сейчас на рынке господствуют сделки, в которых в основном действуют потребители, решающие свои жилищные вопросы, инвесторов осталось немного. По данным &laquo;Жилфонда&raquo;, 83% в структуре всех сделок занимают обменные, когда квартира продается для того, чтобы купить другую. Для людей с такой мотивацией плавное снижение цен на рынке недвижимости &mdash; удачный шанс, так как для доплаты при обмене квартир на большую площадь требуется вкладывать меньше собственных средств.</p>\r\n<p>Плавное снижение цен на вторичном рынке может сохраниться до осени 2016 года &mdash; цена стремится стабилизироваться к уровню 2013 года, когда среднегодовая средневзвешенная цена составляла 61,49 тыс. рублей за кв.м.&raquo;.</p>\r\n<p>Уровень цен на вторичном рынке жилья в Новосибирске в декабре 2015 года:</p>\r\n<p>1-комнатные квартиры &ndash; 64,97 тыс. руб. за кв.м.</p>\r\n<p>2-комнатные квартиры &ndash; 62,29 тыс. руб. за кв.м.</p>\r\n<p>3-комнатные квартиры &ndash; 60,46 тыс. руб. за кв.м.</p>\r\n<p>&laquo;Сейчас самое удобное время для решения жилищных вопросов при помощи обменов, с использованием материнского капитала, военной ипотеки и программ cубсидирования. И хотя количество сделок с привлечением ипотечных средств снизилось в 2015 году почти в два раза, ипотека как способ улучшить свои жилищные условия всё равно пользуется спросом, &mdash; отмечает Сергей Ежак. &mdash; В третьем и четвертом квартале 2015 года мы отметили рост количества сделок с привлечением ипотеки. Средняя сумма, которую берут заёмщики на покупку жилья, составила в Новосибирской области около 1 млн 600 тыс. рублей&raquo;.</p>', NULL, NULL, '', '', '', '', 0, 0, 10, 1, '0000-00-00 00:00:00', '0000-00-00 00:00:00', 0, '2016-01-29 00:00:00', '', 1, '2016-08-26 10:33:03', '127.0.0.1');

-- --------------------------------------------------------

--
-- Структура таблицы `information_item_group_property`
--

CREATE TABLE IF NOT EXISTS `information_item_group_property` (
  `id` int(11) unsigned NOT NULL,
  `information_id` int(11) unsigned NOT NULL,
  `information_group_id` int(11) unsigned NOT NULL,
  `information_property_id` int(11) unsigned NOT NULL,
  `recursive` tinyint(1) unsigned NOT NULL DEFAULT '1'
) ENGINE=InnoDB DEFAULT CHARSET=utf8;

-- --------------------------------------------------------

--
-- Структура таблицы `information_item_property_value`
--

CREATE TABLE IF NOT EXISTS `information_item_property_value` (
  `id` int(11) unsigned NOT NULL,
  `information_item_id` int(11) unsigned NOT NULL,
  `information_property_id` int(11) unsigned NOT NULL,
  `information_property_value_id` int(11) unsigned NOT NULL
) ENGINE=InnoDB DEFAULT CHARSET=utf8;

-- --------------------------------------------------------

--
-- Структура таблицы `information_property`
--

CREATE TABLE IF NOT EXISTS `information_property` (
  `id` int(11) unsigned NOT NULL,
  `information_id` int(11) unsigned NOT NULL,
  `type` set('file','integer','string','text','boolean','list_value') NOT NULL DEFAULT 'integer',
  `list_value_id` int(11) unsigned DEFAULT NULL,
  `name` varchar(255) NOT NULL,
  `title` varchar(255) NOT NULL,
  `multiple` tinyint(1) unsigned NOT NULL DEFAULT '0'
) ENGINE=InnoDB AUTO_INCREMENT=2 DEFAULT CHARSET=utf8;

--
-- Дамп данных таблицы `information_property`
--

INSERT INTO `information_property` (`id`, `information_id`, `type`, `list_value_id`, `name`, `title`, `multiple`) VALUES
(1, 1, 'file', NULL, 'images', 'Изображения', 1);

-- --------------------------------------------------------

--
-- Структура таблицы `information_property_value_file`
--

CREATE TABLE IF NOT EXISTS `information_property_value_file` (
  `id` int(11) unsigned NOT NULL,
  `information_property_id` int(11) unsigned NOT NULL,
  `information_item_id` int(11) unsigned NOT NULL,
  `file` varchar(255) DEFAULT '',
  `file_name` varchar(255) DEFAULT NULL,
  `file_description` mediumtext
) ENGINE=InnoDB DEFAULT CHARSET=utf8;

-- --------------------------------------------------------

--
-- Структура таблицы `information_property_value_integer`
--

CREATE TABLE IF NOT EXISTS `information_property_value_integer` (
  `id` int(11) unsigned NOT NULL,
  `information_property_id` int(11) unsigned NOT NULL,
  `information_item_id` int(11) unsigned NOT NULL,
  `value` int(11) unsigned NOT NULL,
  `description` varchar(255) DEFAULT NULL
) ENGINE=InnoDB DEFAULT CHARSET=utf8;

-- --------------------------------------------------------

--
-- Структура таблицы `information_property_value_string`
--

CREATE TABLE IF NOT EXISTS `information_property_value_string` (
  `id` int(11) unsigned NOT NULL,
  `information_property_id` int(11) unsigned NOT NULL,
  `information_item_id` int(11) unsigned NOT NULL,
  `value` varchar(255) NOT NULL
) ENGINE=InnoDB DEFAULT CHARSET=utf8;

-- --------------------------------------------------------

--
-- Структура таблицы `information_property_value_text`
--

CREATE TABLE IF NOT EXISTS `information_property_value_text` (
  `id` int(11) unsigned NOT NULL,
  `information_property_id` int(11) unsigned NOT NULL,
  `information_item_id` int(11) unsigned NOT NULL,
  `value` longtext NOT NULL
) ENGINE=InnoDB DEFAULT CHARSET=utf8;

-- --------------------------------------------------------

--
-- Структура таблицы `language`
--

CREATE TABLE IF NOT EXISTS `language` (
  `id` int(11) unsigned NOT NULL,
  `tid` varchar(3) NOT NULL,
  `locale` varchar(20) NOT NULL,
  `charset` varchar(30) NOT NULL,
  `name` varchar(100) NOT NULL,
  `default` tinyint(1) NOT NULL DEFAULT '0',
  `active` tinyint(1) unsigned NOT NULL DEFAULT '1',
  `dt_update` datetime NOT NULL,
  `dt_creation` datetime NOT NULL
) ENGINE=InnoDB AUTO_INCREMENT=2 DEFAULT CHARSET=utf8;

--
-- Дамп данных таблицы `language`
--

INSERT INTO `language` (`id`, `tid`, `locale`, `charset`, `name`, `default`, `active`, `dt_update`, `dt_creation`) VALUES
(1, 'ru', 'ru-RU', 'utf-8', 'Русский', 1, 1, '0000-00-00 00:00:00', '0000-00-00 00:00:00');

-- --------------------------------------------------------

--
-- Структура таблицы `list_value`
--

CREATE TABLE IF NOT EXISTS `list_value` (
  `id` int(11) unsigned NOT NULL,
  `name` varchar(255) NOT NULL
) ENGINE=InnoDB AUTO_INCREMENT=3 DEFAULT CHARSET=utf8;

--
-- Дамп данных таблицы `list_value`
--

INSERT INTO `list_value` (`id`, `name`) VALUES
(1, 'значения полей');

-- --------------------------------------------------------

--
-- Структура таблицы `list_value_item`
--

CREATE TABLE IF NOT EXISTS `list_value_item` (
  `id` int(11) unsigned NOT NULL,
  `list_value_id` int(11) unsigned NOT NULL,
  `name` varchar(255) NOT NULL,
  `position` int(11) unsigned NOT NULL DEFAULT '0',
  `active` tinyint(1) unsigned DEFAULT '0'
) ENGINE=InnoDB AUTO_INCREMENT=3 DEFAULT CHARSET=utf8;

--
-- Дамп данных таблицы `list_value_item`
--

INSERT INTO `list_value_item` (`id`, `list_value_id`, `name`, `position`, `active`) VALUES
(1, 1, 'Значение 1', 10, 1);

-- --------------------------------------------------------

--
-- Структура таблицы `menu`
--

CREATE TABLE IF NOT EXISTS `menu` (
  `id` int(11) unsigned NOT NULL,
  `tid` varchar(50) NOT NULL,
  `title` varchar(255) NOT NULL,
  `active` tinyint(1) unsigned NOT NULL DEFAULT '0',
  `position` int(11) unsigned NOT NULL DEFAULT '0',
  `css_icon` varchar(100) DEFAULT NULL
) ENGINE=InnoDB AUTO_INCREMENT=7 DEFAULT CHARSET=utf8;

--
-- Дамп данных таблицы `menu`
--

INSERT INTO `menu` (`id`, `tid`, `title`, `active`, `position`, `css_icon`) VALUES
(1, 'main', 'Главное меню', 1, 10, ''),
(3, 'additional', 'Дополнительное меню', 1, 20, 'fa fa-list'),
(6, 'inner', 'Внутренние страницы', 1, 30, 'fa fa-list-alt');

-- --------------------------------------------------------

--
-- Структура таблицы `menu_item`
--

CREATE TABLE IF NOT EXISTS `menu_item` (
  `id` int(11) unsigned NOT NULL,
  `tid` varchar(255) DEFAULT NULL,
  `menu_id` int(11) unsigned NOT NULL,
  `menu_item_id` int(11) unsigned DEFAULT NULL,
  `layout` varchar(50) DEFAULT NULL,
  `template` varchar(50) DEFAULT NULL,
  `name` varchar(255) NOT NULL,
  `header` varchar(255) DEFAULT NULL,
  `sub_header` varchar(255) DEFAULT NULL,
  `title` varchar(255) DEFAULT NULL,
  `meta_keywords` varchar(255) DEFAULT NULL,
  `meta_description` varchar(255) DEFAULT NULL,
  `link` varchar(255) DEFAULT NULL,
  `target` enum('_blank','_self','_parent','_top') DEFAULT NULL,
  `position` int(11) unsigned NOT NULL DEFAULT '0',
  `active` tinyint(1) unsigned NOT NULL DEFAULT '0',
  `depth` int(2) unsigned NOT NULL DEFAULT '1',
  `lb` int(11) unsigned NOT NULL,
  `rb` int(11) unsigned NOT NULL,
  `image` varchar(255) DEFAULT NULL,
  `image_width` int(11) unsigned DEFAULT '0',
  `image_height` int(11) unsigned DEFAULT '0'
) ENGINE=InnoDB AUTO_INCREMENT=6 DEFAULT CHARSET=utf8;

--
-- Дамп данных таблицы `menu_item`
--

INSERT INTO `menu_item` (`id`, `tid`, `menu_id`, `menu_item_id`, `layout`, `template`, `name`, `header`, `sub_header`, `title`, `meta_keywords`, `meta_description`, `link`, `target`, `position`, `active`, `depth`, `lb`, `rb`, `image`, `image_width`, `image_height`) VALUES
(1, 'root-glavnoe-menyu', 1, NULL, NULL, NULL, 'Корневой элемент для Главное меню', NULL, NULL, NULL, NULL, NULL, NULL, NULL, 0, 1, 0, 1, 10, NULL, 0, 0),
(2, '/', 1, 1, 'main', 'page', 'Главная', '', '', '', '', '', '', NULL, 0, 1, 1, 2, 3, '', 0, 0),
(3, 'news', 1, 1, 'main', 'page', 'Новости', '', '', '', '', '', '', NULL, 2, 1, 1, 8, 9, '', 0, 0),
(4, 'articles', 1, 1, 'main', 'page', 'Статьи', '', '', '', '', '', '', NULL, 3, 1, 0, 8, 9, '', 0, 0),
(5, 'blog', 1, 1, 'main', 'page', 'Блог', '', '', '', '', '', '', NULL, 1, 1, 0, 8, 9, '', 0, 0);

-- --------------------------------------------------------

--
-- Структура таблицы `menu_item_relation`
--

CREATE TABLE IF NOT EXISTS `menu_item_relation` (
  `id` int(11) NOT NULL,
  `menu_item_id` int(11) unsigned NOT NULL,
  `type` enum('content','information','banner','form','block','comment','question','shop','widget') NOT NULL DEFAULT 'content',
  `item_id` int(11) unsigned NOT NULL,
  `main` tinyint(1) unsigned NOT NULL DEFAULT '0',
  `position` int(11) unsigned NOT NULL DEFAULT '0',
  `active` tinyint(1) unsigned NOT NULL DEFAULT '0',
  `params` text,
  `layout` varchar(255) DEFAULT NULL
) ENGINE=InnoDB AUTO_INCREMENT=8 DEFAULT CHARSET=utf8;

--
-- Дамп данных таблицы `menu_item_relation`
--

INSERT INTO `menu_item_relation` (`id`, `menu_item_id`, `type`, `item_id`, `main`, `position`, `active`, `params`, `layout`) VALUES
(1, 2, 'content', 1, 1, 0, 1, NULL, NULL),
(2, 3, 'content', 2, 0, 0, 1, NULL, NULL),
(3, 4, 'content', 3, 0, 0, 1, NULL, NULL),
(4, 5, 'content', 4, 0, 0, 1, NULL, NULL),
(5, 5, 'information', 3, 1, 10, 1, '', NULL),
(6, 3, 'information', 1, 1, 10, 1, '', NULL),
(7, 4, 'information', 2, 1, 10, 1, '', NULL);

-- --------------------------------------------------------

--
-- Структура таблицы `migration`
--

CREATE TABLE IF NOT EXISTS `migration` (
  `version` varchar(180) NOT NULL,
  `apply_time` int(11) DEFAULT NULL
) ENGINE=InnoDB DEFAULT CHARSET=utf8;

-- --------------------------------------------------------

--
-- Структура таблицы `user`
--

CREATE TABLE IF NOT EXISTS `user` (
  `id` int(11) unsigned NOT NULL,
  `role` set('root','admin','employee','user') NOT NULL,
  `login` varchar(20) NOT NULL,
  `auth_key` varchar(32) DEFAULT NULL,
  `security_key` varchar(32) DEFAULT NULL,
  `password_hash` varchar(255) NOT NULL,
  `password_reset_token` varchar(255) DEFAULT NULL,
  `activation_code` varchar(20) DEFAULT NULL,
  `surname` varchar(100) NOT NULL,
  `name` varchar(100) NOT NULL,
  `patronymic` varchar(100) DEFAULT NULL,
  `gender` tinyint(1) DEFAULT '0',
  `phone` varchar(13) NOT NULL,
  `email` varchar(50) NOT NULL,
  `photo` varchar(255) DEFAULT NULL,
  `photo_width` int(11) unsigned DEFAULT '0',
  `photo_height` int(11) unsigned DEFAULT '0',
  `language_id` int(11) unsigned DEFAULT NULL,
  `geo_country_id` int(11) unsigned DEFAULT NULL,
  `geo_locality_id` int(11) unsigned DEFAULT NULL,
  `dt_last` datetime DEFAULT NULL,
  `ip_last` varchar(30) DEFAULT NULL,
  `is_blocked` tinyint(1) unsigned DEFAULT NULL,
  `blocker_user_id` int(11) DEFAULT NULL,
  `reason_blocking` tinytext,
  `dt_blocked` datetime DEFAULT NULL,
  `ip_blocked` varchar(30) DEFAULT NULL,
  `creator_user_id` int(11) unsigned DEFAULT '0',
  `dt_creation` datetime DEFAULT NULL,
  `ip_creation` varchar(30) DEFAULT NULL,
  `updater_user_id` int(11) unsigned DEFAULT '0',
  `dt_update` datetime DEFAULT NULL,
  `ip_update` varchar(30) DEFAULT NULL
) ENGINE=InnoDB AUTO_INCREMENT=2 DEFAULT CHARSET=utf8;

--
-- Дамп данных таблицы `user`
--

INSERT INTO `user` (`id`, `role`, `login`, `auth_key`, `security_key`, `password_hash`, `password_reset_token`, `activation_code`, `surname`, `name`, `patronymic`, `gender`, `phone`, `email`, `photo`, `photo_width`, `photo_height`, `language_id`, `geo_country_id`, `geo_locality_id`, `dt_last`, `ip_last`, `is_blocked`, `blocker_user_id`, `reason_blocking`, `dt_blocked`, `ip_blocked`, `creator_user_id`, `dt_creation`, `ip_creation`, `updater_user_id`, `dt_update`, `ip_update`) VALUES
(1, 'root', 'admin', 'hOCOsHaPwWrOvMSEdR7ct2epXwqdACCv', '', '$2y$13$PtLgmSAuewOVmiuMJnFG2.zSu8cg6GbC1S/Qkvu7w.W78VebkKflO', '4cFnTUA6HeJEYGyfYyzumnoNDIz1N28Y_1468089140', NULL, 'Adminov', 'Admin', 'Adminovich', 1, '79831288885', 'info@vap-terra.ru', NULL, 0, 0, 1, 1, 1, NULL, NULL, 0, NULL, NULL, NULL, NULL, 0, '2015-09-29 18:53:39', '127.0.0.1', 0, '2016-07-09 18:32:20', '127.0.0.1');

--
-- Индексы сохранённых таблиц
--

--
-- Индексы таблицы `banner`
--
ALTER TABLE `banner`
  ADD PRIMARY KEY (`id`),
  ADD KEY `banner_group_id` (`banner_group_id`,`geo_country_id`,`geo_region_id`,`geo_region_area_id`,`geo_locality_id`),
  ADD KEY `geo_country_id` (`geo_country_id`),
  ADD KEY `geo_region_id` (`geo_region_id`),
  ADD KEY `geo_region_area_id` (`geo_region_area_id`),
  ADD KEY `geo_locality_id` (`geo_locality_id`);

--
-- Индексы таблицы `banner_group`
--
ALTER TABLE `banner_group`
  ADD PRIMARY KEY (`id`);

--
-- Индексы таблицы `comment`
--
ALTER TABLE `comment`
  ADD PRIMARY KEY (`id`) USING BTREE,
  ADD KEY `belong` (`belong`,`belong_item_id`,`active`,`position`,`creator_user_id`);

--
-- Индексы таблицы `constant`
--
ALTER TABLE `constant`
  ADD PRIMARY KEY (`id`);

--
-- Индексы таблицы `content`
--
ALTER TABLE `content`
  ADD PRIMARY KEY (`id`),
  ADD KEY `menu_item_id` (`menu_item_id`);

--
-- Индексы таблицы `form`
--
ALTER TABLE `form`
  ADD PRIMARY KEY (`id`),
  ADD KEY `tid` (`tid`);

--
-- Индексы таблицы `form_completed`
--
ALTER TABLE `form_completed`
  ADD PRIMARY KEY (`id`),
  ADD KEY `form_completed_form_id_fk` (`form_id`);

--
-- Индексы таблицы `form_element`
--
ALTER TABLE `form_element`
  ADD PRIMARY KEY (`id`),
  ADD KEY `form_id` (`form_id`,`active`,`type`),
  ADD KEY `tid` (`tid`,`form_id`);

--
-- Индексы таблицы `geo_country`
--
ALTER TABLE `geo_country`
  ADD PRIMARY KEY (`id`);

--
-- Индексы таблицы `geo_locality`
--
ALTER TABLE `geo_locality`
  ADD PRIMARY KEY (`id`),
  ADD KEY `link` (`geo_country_id`,`geo_region_id`,`geo_region_area_id`) USING BTREE,
  ADD KEY `geo_region_id` (`geo_region_id`),
  ADD KEY `geo_region_area_id` (`geo_region_area_id`);

--
-- Индексы таблицы `geo_locality_area`
--
ALTER TABLE `geo_locality_area`
  ADD PRIMARY KEY (`id`),
  ADD KEY `country_id` (`geo_country_id`,`geo_region_id`,`geo_region_area_id`,`geo_locality_id`),
  ADD KEY `geo_region_id` (`geo_region_id`),
  ADD KEY `geo_region_area_id` (`geo_region_area_id`),
  ADD KEY `geo_locality_id` (`geo_locality_id`);

--
-- Индексы таблицы `geo_region`
--
ALTER TABLE `geo_region`
  ADD PRIMARY KEY (`id`),
  ADD KEY `country_id` (`geo_country_id`);

--
-- Индексы таблицы `geo_region_area`
--
ALTER TABLE `geo_region_area`
  ADD PRIMARY KEY (`id`),
  ADD KEY `country_id` (`geo_country_id`,`geo_region_id`),
  ADD KEY `geo_region_id` (`geo_region_id`);

--
-- Индексы таблицы `information`
--
ALTER TABLE `information`
  ADD PRIMARY KEY (`id`),
  ADD KEY `menu_item_id` (`active`);

--
-- Индексы таблицы `information_group`
--
ALTER TABLE `information_group`
  ADD PRIMARY KEY (`id`),
  ADD KEY `information_id` (`information_id`,`active`,`tid`,`information_group_id`) USING BTREE,
  ADD KEY `depth` (`depth`,`lb`,`rb`,`information_id`) USING BTREE,
  ADD KEY `information_id_2` (`information_id`,`rb`) USING BTREE,
  ADD KEY `information_group_id` (`information_group_id`);

--
-- Индексы таблицы `information_item`
--
ALTER TABLE `information_item`
  ADD PRIMARY KEY (`id`),
  ADD KEY `tid` (`tid`,`information_id`,`information_group_id`,`position`,`active`,`dt_beginning`,`dt_ending`,`dt_creation`,`dt_update`),
  ADD KEY `information_id` (`information_id`),
  ADD KEY `information_item_ibfk_2` (`information_group_id`);

--
-- Индексы таблицы `information_item_group_property`
--
ALTER TABLE `information_item_group_property`
  ADD PRIMARY KEY (`id`),
  ADD KEY `board_id` (`information_id`,`information_group_id`,`information_property_id`,`recursive`),
  ADD KEY `board_group_id` (`information_group_id`),
  ADD KEY `board_property_id` (`information_property_id`);

--
-- Индексы таблицы `information_item_property_value`
--
ALTER TABLE `information_item_property_value`
  ADD PRIMARY KEY (`id`),
  ADD KEY `board_item_id` (`information_item_id`,`information_property_id`,`information_property_value_id`),
  ADD KEY `board_item_id_2` (`information_item_id`,`information_property_id`,`information_property_value_id`),
  ADD KEY `board_property_id` (`information_property_id`);

--
-- Индексы таблицы `information_property`
--
ALTER TABLE `information_property`
  ADD PRIMARY KEY (`id`),
  ADD KEY `board_id` (`information_id`,`type`,`list_value_id`),
  ADD KEY `list_value_id` (`list_value_id`);

--
-- Индексы таблицы `information_property_value_file`
--
ALTER TABLE `information_property_value_file`
  ADD PRIMARY KEY (`id`),
  ADD KEY `board_property_id` (`information_property_id`,`information_item_id`),
  ADD KEY `board_item_id` (`information_item_id`);

--
-- Индексы таблицы `information_property_value_integer`
--
ALTER TABLE `information_property_value_integer`
  ADD PRIMARY KEY (`id`),
  ADD KEY `board_property_id` (`information_property_id`,`information_item_id`,`value`),
  ADD KEY `board_item_id` (`information_item_id`);

--
-- Индексы таблицы `information_property_value_string`
--
ALTER TABLE `information_property_value_string`
  ADD PRIMARY KEY (`id`),
  ADD KEY `board_property_id` (`information_property_id`,`information_item_id`,`value`),
  ADD KEY `board_item_id` (`information_item_id`);

--
-- Индексы таблицы `information_property_value_text`
--
ALTER TABLE `information_property_value_text`
  ADD PRIMARY KEY (`id`),
  ADD KEY `board_property_id` (`information_property_id`,`information_item_id`),
  ADD KEY `information_item_id` (`information_item_id`);

--
-- Индексы таблицы `language`
--
ALTER TABLE `language`
  ADD PRIMARY KEY (`id`),
  ADD KEY `tid` (`tid`,`active`) USING BTREE;

--
-- Индексы таблицы `list_value`
--
ALTER TABLE `list_value`
  ADD PRIMARY KEY (`id`);

--
-- Индексы таблицы `list_value_item`
--
ALTER TABLE `list_value_item`
  ADD PRIMARY KEY (`id`),
  ADD KEY `fk_list_value_item` (`list_value_id`,`active`,`position`) USING BTREE;

--
-- Индексы таблицы `menu`
--
ALTER TABLE `menu`
  ADD PRIMARY KEY (`id`),
  ADD UNIQUE KEY `text_id` (`tid`);

--
-- Индексы таблицы `menu_item`
--
ALTER TABLE `menu_item`
  ADD PRIMARY KEY (`id`),
  ADD KEY `depth` (`depth`,`rb`,`lb`,`active`,`position`) USING BTREE,
  ADD KEY `menu` (`menu_id`,`active`,`menu_item_id`,`position`) USING BTREE,
  ADD KEY `menu_id` (`menu_id`,`lb`,`rb`,`position`),
  ADD KEY `menu_id_2` (`menu_id`,`rb`,`position`),
  ADD KEY `menu_item_id` (`menu_item_id`);

--
-- Индексы таблицы `menu_item_relation`
--
ALTER TABLE `menu_item_relation`
  ADD PRIMARY KEY (`id`),
  ADD KEY `menu_id` (`menu_item_id`,`type`,`item_id`,`position`,`active`);

--
-- Индексы таблицы `migration`
--
ALTER TABLE `migration`
  ADD PRIMARY KEY (`version`);

--
-- Индексы таблицы `user`
--
ALTER TABLE `user`
  ADD PRIMARY KEY (`id`),
  ADD KEY `language_id` (`language_id`),
  ADD KEY `location` (`geo_locality_id`,`language_id`,`geo_country_id`),
  ADD KEY `auth_key` (`auth_key`,`security_key`,`password_reset_token`,`activation_code`),
  ADD KEY `login` (`login`,`phone`,`email`,`is_blocked`),
  ADD KEY `geo_country_id` (`geo_country_id`);

--
-- AUTO_INCREMENT для сохранённых таблиц
--

--
-- AUTO_INCREMENT для таблицы `banner`
--
ALTER TABLE `banner`
  MODIFY `id` int(11) unsigned NOT NULL AUTO_INCREMENT,AUTO_INCREMENT=5;
--
-- AUTO_INCREMENT для таблицы `banner_group`
--
ALTER TABLE `banner_group`
  MODIFY `id` int(11) unsigned NOT NULL AUTO_INCREMENT,AUTO_INCREMENT=2;
--
-- AUTO_INCREMENT для таблицы `comment`
--
ALTER TABLE `comment`
  MODIFY `id` int(11) unsigned NOT NULL AUTO_INCREMENT,AUTO_INCREMENT=2;
--
-- AUTO_INCREMENT для таблицы `constant`
--
ALTER TABLE `constant`
  MODIFY `id` int(11) unsigned NOT NULL AUTO_INCREMENT,AUTO_INCREMENT=17;
--
-- AUTO_INCREMENT для таблицы `content`
--
ALTER TABLE `content`
  MODIFY `id` int(11) unsigned NOT NULL AUTO_INCREMENT,AUTO_INCREMENT=6;
--
-- AUTO_INCREMENT для таблицы `form`
--
ALTER TABLE `form`
  MODIFY `id` int(11) unsigned NOT NULL AUTO_INCREMENT,AUTO_INCREMENT=4;
--
-- AUTO_INCREMENT для таблицы `form_completed`
--
ALTER TABLE `form_completed`
  MODIFY `id` int(11) unsigned NOT NULL AUTO_INCREMENT,AUTO_INCREMENT=7;
--
-- AUTO_INCREMENT для таблицы `form_element`
--
ALTER TABLE `form_element`
  MODIFY `id` int(11) unsigned NOT NULL AUTO_INCREMENT,AUTO_INCREMENT=16;
--
-- AUTO_INCREMENT для таблицы `geo_country`
--
ALTER TABLE `geo_country`
  MODIFY `id` int(11) unsigned NOT NULL AUTO_INCREMENT,AUTO_INCREMENT=2;
--
-- AUTO_INCREMENT для таблицы `geo_locality`
--
ALTER TABLE `geo_locality`
  MODIFY `id` int(11) unsigned NOT NULL AUTO_INCREMENT,AUTO_INCREMENT=1098;
--
-- AUTO_INCREMENT для таблицы `geo_locality_area`
--
ALTER TABLE `geo_locality_area`
  MODIFY `id` int(11) unsigned NOT NULL AUTO_INCREMENT,AUTO_INCREMENT=12;
--
-- AUTO_INCREMENT для таблицы `geo_region`
--
ALTER TABLE `geo_region`
  MODIFY `id` int(11) unsigned NOT NULL AUTO_INCREMENT,AUTO_INCREMENT=2;
--
-- AUTO_INCREMENT для таблицы `geo_region_area`
--
ALTER TABLE `geo_region_area`
  MODIFY `id` int(11) unsigned NOT NULL AUTO_INCREMENT,AUTO_INCREMENT=32;
--
-- AUTO_INCREMENT для таблицы `information`
--
ALTER TABLE `information`
  MODIFY `id` int(11) unsigned NOT NULL AUTO_INCREMENT,AUTO_INCREMENT=4;
--
-- AUTO_INCREMENT для таблицы `information_group`
--
ALTER TABLE `information_group`
  MODIFY `id` int(11) unsigned NOT NULL AUTO_INCREMENT,AUTO_INCREMENT=7;
--
-- AUTO_INCREMENT для таблицы `information_item`
--
ALTER TABLE `information_item`
  MODIFY `id` int(11) unsigned NOT NULL AUTO_INCREMENT,AUTO_INCREMENT=11;
--
-- AUTO_INCREMENT для таблицы `information_item_group_property`
--
ALTER TABLE `information_item_group_property`
  MODIFY `id` int(11) unsigned NOT NULL AUTO_INCREMENT;
--
-- AUTO_INCREMENT для таблицы `information_item_property_value`
--
ALTER TABLE `information_item_property_value`
  MODIFY `id` int(11) unsigned NOT NULL AUTO_INCREMENT;
--
-- AUTO_INCREMENT для таблицы `information_property`
--
ALTER TABLE `information_property`
  MODIFY `id` int(11) unsigned NOT NULL AUTO_INCREMENT,AUTO_INCREMENT=2;
--
-- AUTO_INCREMENT для таблицы `information_property_value_file`
--
ALTER TABLE `information_property_value_file`
  MODIFY `id` int(11) unsigned NOT NULL AUTO_INCREMENT;
--
-- AUTO_INCREMENT для таблицы `information_property_value_integer`
--
ALTER TABLE `information_property_value_integer`
  MODIFY `id` int(11) unsigned NOT NULL AUTO_INCREMENT;
--
-- AUTO_INCREMENT для таблицы `information_property_value_string`
--
ALTER TABLE `information_property_value_string`
  MODIFY `id` int(11) unsigned NOT NULL AUTO_INCREMENT;
--
-- AUTO_INCREMENT для таблицы `information_property_value_text`
--
ALTER TABLE `information_property_value_text`
  MODIFY `id` int(11) unsigned NOT NULL AUTO_INCREMENT;
--
-- AUTO_INCREMENT для таблицы `language`
--
ALTER TABLE `language`
  MODIFY `id` int(11) unsigned NOT NULL AUTO_INCREMENT,AUTO_INCREMENT=2;
--
-- AUTO_INCREMENT для таблицы `list_value`
--
ALTER TABLE `list_value`
  MODIFY `id` int(11) unsigned NOT NULL AUTO_INCREMENT,AUTO_INCREMENT=3;
--
-- AUTO_INCREMENT для таблицы `list_value_item`
--
ALTER TABLE `list_value_item`
  MODIFY `id` int(11) unsigned NOT NULL AUTO_INCREMENT,AUTO_INCREMENT=3;
--
-- AUTO_INCREMENT для таблицы `menu`
--
ALTER TABLE `menu`
  MODIFY `id` int(11) unsigned NOT NULL AUTO_INCREMENT,AUTO_INCREMENT=7;
--
-- AUTO_INCREMENT для таблицы `menu_item`
--
ALTER TABLE `menu_item`
  MODIFY `id` int(11) unsigned NOT NULL AUTO_INCREMENT,AUTO_INCREMENT=6;
--
-- AUTO_INCREMENT для таблицы `menu_item_relation`
--
ALTER TABLE `menu_item_relation`
  MODIFY `id` int(11) NOT NULL AUTO_INCREMENT,AUTO_INCREMENT=8;
--
-- AUTO_INCREMENT для таблицы `user`
--
ALTER TABLE `user`
  MODIFY `id` int(11) unsigned NOT NULL AUTO_INCREMENT,AUTO_INCREMENT=2;
--
-- Ограничения внешнего ключа сохраненных таблиц
--

--
-- Ограничения внешнего ключа таблицы `banner`
--
ALTER TABLE `banner`
  ADD CONSTRAINT `banner_ibfk_1` FOREIGN KEY (`banner_group_id`) REFERENCES `banner_group` (`id`),
  ADD CONSTRAINT `banner_ibfk_2` FOREIGN KEY (`geo_country_id`) REFERENCES `geo_country` (`id`),
  ADD CONSTRAINT `banner_ibfk_3` FOREIGN KEY (`geo_region_id`) REFERENCES `geo_region` (`id`),
  ADD CONSTRAINT `banner_ibfk_4` FOREIGN KEY (`geo_region_area_id`) REFERENCES `geo_region_area` (`id`),
  ADD CONSTRAINT `banner_ibfk_5` FOREIGN KEY (`geo_locality_id`) REFERENCES `geo_locality` (`id`);

--
-- Ограничения внешнего ключа таблицы `content`
--
ALTER TABLE `content`
  ADD CONSTRAINT `content_ibfk_1` FOREIGN KEY (`menu_item_id`) REFERENCES `menu_item` (`id`);

--
-- Ограничения внешнего ключа таблицы `form_completed`
--
ALTER TABLE `form_completed`
  ADD CONSTRAINT `form_completed_form_id_fk` FOREIGN KEY (`form_id`) REFERENCES `form` (`id`);

--
-- Ограничения внешнего ключа таблицы `form_element`
--
ALTER TABLE `form_element`
  ADD CONSTRAINT `form_element_ibfk_1` FOREIGN KEY (`form_id`) REFERENCES `form` (`id`);

--
-- Ограничения внешнего ключа таблицы `geo_locality`
--
ALTER TABLE `geo_locality`
  ADD CONSTRAINT `geo_locality_ibfk_1` FOREIGN KEY (`geo_region_id`) REFERENCES `geo_region` (`id`),
  ADD CONSTRAINT `geo_locality_ibfk_2` FOREIGN KEY (`geo_region_area_id`) REFERENCES `geo_region_area` (`id`),
  ADD CONSTRAINT `locality_country_link` FOREIGN KEY (`geo_country_id`) REFERENCES `geo_country` (`id`);

--
-- Ограничения внешнего ключа таблицы `geo_locality_area`
--
ALTER TABLE `geo_locality_area`
  ADD CONSTRAINT `geo_locality_area_ibfk_1` FOREIGN KEY (`geo_country_id`) REFERENCES `geo_country` (`id`),
  ADD CONSTRAINT `geo_locality_area_ibfk_2` FOREIGN KEY (`geo_region_id`) REFERENCES `geo_region` (`id`),
  ADD CONSTRAINT `geo_locality_area_ibfk_3` FOREIGN KEY (`geo_region_area_id`) REFERENCES `geo_region_area` (`id`),
  ADD CONSTRAINT `geo_locality_area_ibfk_4` FOREIGN KEY (`geo_locality_id`) REFERENCES `geo_locality` (`id`);

--
-- Ограничения внешнего ключа таблицы `geo_region`
--
ALTER TABLE `geo_region`
  ADD CONSTRAINT `geo_region_ibfk_1` FOREIGN KEY (`geo_country_id`) REFERENCES `geo_country` (`id`);

--
-- Ограничения внешнего ключа таблицы `geo_region_area`
--
ALTER TABLE `geo_region_area`
  ADD CONSTRAINT `geo_region_area_ibfk_1` FOREIGN KEY (`geo_country_id`) REFERENCES `geo_country` (`id`),
  ADD CONSTRAINT `geo_region_area_ibfk_2` FOREIGN KEY (`geo_region_id`) REFERENCES `geo_region` (`id`);

--
-- Ограничения внешнего ключа таблицы `information_group`
--
ALTER TABLE `information_group`
  ADD CONSTRAINT `information_group_ibfk_1` FOREIGN KEY (`information_id`) REFERENCES `information` (`id`),
  ADD CONSTRAINT `information_group_ibfk_2` FOREIGN KEY (`information_group_id`) REFERENCES `information_group` (`id`);

--
-- Ограничения внешнего ключа таблицы `information_item`
--
ALTER TABLE `information_item`
  ADD CONSTRAINT `information_item_ibfk_1` FOREIGN KEY (`information_id`) REFERENCES `information` (`id`),
  ADD CONSTRAINT `information_item_ibfk_2` FOREIGN KEY (`information_group_id`) REFERENCES `information_group` (`id`);

--
-- Ограничения внешнего ключа таблицы `information_item_group_property`
--
ALTER TABLE `information_item_group_property`
  ADD CONSTRAINT `information_item_group_property_ibfk_1` FOREIGN KEY (`information_id`) REFERENCES `information_item` (`id`),
  ADD CONSTRAINT `information_item_group_property_ibfk_2` FOREIGN KEY (`information_group_id`) REFERENCES `information_group` (`id`),
  ADD CONSTRAINT `information_item_group_property_ibfk_3` FOREIGN KEY (`information_property_id`) REFERENCES `information_property` (`id`);

--
-- Ограничения внешнего ключа таблицы `information_item_property_value`
--
ALTER TABLE `information_item_property_value`
  ADD CONSTRAINT `information_item_property_value_ibfk_1` FOREIGN KEY (`information_item_id`) REFERENCES `information_item` (`id`),
  ADD CONSTRAINT `information_item_property_value_ibfk_2` FOREIGN KEY (`information_property_id`) REFERENCES `information_property` (`id`);

--
-- Ограничения внешнего ключа таблицы `information_property`
--
ALTER TABLE `information_property`
  ADD CONSTRAINT `information_property_ibfk_1` FOREIGN KEY (`information_id`) REFERENCES `information` (`id`),
  ADD CONSTRAINT `information_property_ibfk_2` FOREIGN KEY (`list_value_id`) REFERENCES `list_value` (`id`);

--
-- Ограничения внешнего ключа таблицы `information_property_value_file`
--
ALTER TABLE `information_property_value_file`
  ADD CONSTRAINT `information_property_value_file_ibfk_1` FOREIGN KEY (`information_item_id`) REFERENCES `information_item` (`id`),
  ADD CONSTRAINT `information_property_value_file_ibfk_2` FOREIGN KEY (`information_property_id`) REFERENCES `information_property` (`id`);

--
-- Ограничения внешнего ключа таблицы `information_property_value_integer`
--
ALTER TABLE `information_property_value_integer`
  ADD CONSTRAINT `information_property_value_integer_ibfk_1` FOREIGN KEY (`information_item_id`) REFERENCES `information_item` (`id`),
  ADD CONSTRAINT `information_property_value_integer_ibfk_2` FOREIGN KEY (`information_property_id`) REFERENCES `information_property` (`id`);

--
-- Ограничения внешнего ключа таблицы `information_property_value_string`
--
ALTER TABLE `information_property_value_string`
  ADD CONSTRAINT `information_property_value_string_ibfk_1` FOREIGN KEY (`information_item_id`) REFERENCES `information_item` (`id`),
  ADD CONSTRAINT `information_property_value_string_ibfk_2` FOREIGN KEY (`information_property_id`) REFERENCES `information_property` (`id`);

--
-- Ограничения внешнего ключа таблицы `information_property_value_text`
--
ALTER TABLE `information_property_value_text`
  ADD CONSTRAINT `information_property_value_text_ibfk_1` FOREIGN KEY (`information_item_id`) REFERENCES `information_item` (`id`),
  ADD CONSTRAINT `information_property_value_text_ibfk_2` FOREIGN KEY (`information_property_id`) REFERENCES `information_property` (`id`);

--
-- Ограничения внешнего ключа таблицы `list_value_item`
--
ALTER TABLE `list_value_item`
  ADD CONSTRAINT `fk_list_value_item` FOREIGN KEY (`list_value_id`) REFERENCES `list_value` (`id`) ON DELETE CASCADE ON UPDATE CASCADE;

--
-- Ограничения внешнего ключа таблицы `menu_item`
--
ALTER TABLE `menu_item`
  ADD CONSTRAINT `menu_item_ibfk_1` FOREIGN KEY (`menu_id`) REFERENCES `menu` (`id`) ON DELETE CASCADE ON UPDATE CASCADE,
  ADD CONSTRAINT `menu_item_ibfk_2` FOREIGN KEY (`menu_item_id`) REFERENCES `menu_item` (`id`);

--
-- Ограничения внешнего ключа таблицы `menu_item_relation`
--
ALTER TABLE `menu_item_relation`
  ADD CONSTRAINT `menu_item_relation_ibfk_1` FOREIGN KEY (`menu_item_id`) REFERENCES `menu_item` (`id`);

--
-- Ограничения внешнего ключа таблицы `user`
--
ALTER TABLE `user`
  ADD CONSTRAINT `user_ibfk_1` FOREIGN KEY (`geo_locality_id`) REFERENCES `geo_locality` (`id`),
  ADD CONSTRAINT `user_ibfk_2` FOREIGN KEY (`language_id`) REFERENCES `language` (`id`),
  ADD CONSTRAINT `user_ibfk_3` FOREIGN KEY (`geo_country_id`) REFERENCES `geo_country` (`id`);

/*!40101 SET CHARACTER_SET_CLIENT=@OLD_CHARACTER_SET_CLIENT */;
/*!40101 SET CHARACTER_SET_RESULTS=@OLD_CHARACTER_SET_RESULTS */;
/*!40101 SET COLLATION_CONNECTION=@OLD_COLLATION_CONNECTION */;
